{
  "repoSenseVersion": "a3f21b3583",
  "reportGeneratedTime": "Thu Nov 12 08:15:46 2020 UTC+08:00",
  "reportGenerationTime": " 5.26 second(s)",
  "repos": [
    {
      "location": {
        "location": "https://github.com/AY2021S1-TIC4001-3/tp.git",
        "repoName": "tp",
        "organization": "AY2021S1-TIC4001-3"
      },
      "branch": "master",
      "displayName": "AY2021S1-TIC4001-3/tp[master]",
      "outputFolderName": "AY2021S1-TIC4001-3_tp_master"
    },
    {
      "location": {
        "location": "https://github.com/AY2021S1-TIC4001-1/tp.git",
        "repoName": "tp",
        "organization": "AY2021S1-TIC4001-1"
      },
      "branch": "master",
      "displayName": "AY2021S1-TIC4001-1/tp[master]",
      "outputFolderName": "AY2021S1-TIC4001-1_tp_master"
    },
    {
      "location": {
        "location": "https://github.com/AY2021S1-TIC4001-4/tp.git",
        "repoName": "tp",
        "organization": "AY2021S1-TIC4001-4"
      },
      "branch": "master",
      "displayName": "AY2021S1-TIC4001-4/tp[master]",
      "outputFolderName": "AY2021S1-TIC4001-4_tp_master"
    },
    {
      "location": {
        "location": "https://github.com/AY2021S1-TIC4001-2/tp.git",
        "repoName": "tp",
        "organization": "AY2021S1-TIC4001-2"
      },
      "branch": "master",
      "displayName": "AY2021S1-TIC4001-2/tp[master]",
      "outputFolderName": "AY2021S1-TIC4001-2_tp_master"
    }
  ],
  "errorList": [],
  "sinceDate": "2020-08-14",
  "untilDate": "2020-11-12",
  "isSinceDateProvided": true,
  "isUntilDateProvided": false
}
