[
  {
    "path": "src/main/java/seedu/tracker/Tracker.java",
    "fileType": "functional-code",
    "lines": [
      {
        "lineNumber": 1,
        "author": {
          "gitId": "binbinhui"
        },
        "content": "package seedu.tracker;"
      },
      {
        "lineNumber": 2,
        "author": {
          "gitId": "-"
        },
        "content": ""
      },
      {
        "lineNumber": 3,
        "author": {
          "gitId": "-"
        },
        "content": "import java.util.Scanner;"
      },
      {
        "lineNumber": 4,
        "author": {
          "gitId": "-"
        },
        "content": ""
      },
      {
        "lineNumber": 5,
        "author": {
          "gitId": "binbinhui"
        },
        "content": "public class Tracker {"
      },
      {
        "lineNumber": 6,
        "author": {
          "gitId": "-"
        },
        "content": "    /**"
      },
      {
        "lineNumber": 7,
        "author": {
          "gitId": "-"
        },
        "content": "     * Main entry-point for the java.duke.Duke application."
      },
      {
        "lineNumber": 8,
        "author": {
          "gitId": "-"
        },
        "content": "     */"
      },
      {
        "lineNumber": 9,
        "author": {
          "gitId": "-"
        },
        "content": "    public static void main(String[] args) {"
      },
      {
        "lineNumber": 10,
        "author": {
          "gitId": "-"
        },
        "content": "        String logo \u003d \" ____        _        \\n\""
      },
      {
        "lineNumber": 11,
        "author": {
          "gitId": "-"
        },
        "content": "                + \"|  _ \\\\ _   _| | _____ \\n\""
      },
      {
        "lineNumber": 12,
        "author": {
          "gitId": "-"
        },
        "content": "                + \"| | | | | | | |/ / _ \\\\\\n\""
      },
      {
        "lineNumber": 13,
        "author": {
          "gitId": "-"
        },
        "content": "                + \"| |_| | |_| |   \u003c  __/\\n\""
      },
      {
        "lineNumber": 14,
        "author": {
          "gitId": "-"
        },
        "content": "                + \"|____/ \\\\__,_|_|\\\\_\\\\___|\\n\";"
      },
      {
        "lineNumber": 15,
        "author": {
          "gitId": "-"
        },
        "content": "        System.out.println(\"Hello from\\n\" + logo);"
      },
      {
        "lineNumber": 16,
        "author": {
          "gitId": "-"
        },
        "content": "        System.out.println(\"What is your name?\");"
      },
      {
        "lineNumber": 17,
        "author": {
          "gitId": "-"
        },
        "content": ""
      },
      {
        "lineNumber": 18,
        "author": {
          "gitId": "-"
        },
        "content": "        Scanner in \u003d new Scanner(System.in);"
      },
      {
        "lineNumber": 19,
        "author": {
          "gitId": "-"
        },
        "content": "        System.out.println(\"Hello \" + in.nextLine());"
      },
      {
        "lineNumber": 20,
        "author": {
          "gitId": "-"
        },
        "content": "    }"
      },
      {
        "lineNumber": 21,
        "author": {
          "gitId": "-"
        },
        "content": "}"
      }
    ],
    "authorContributionMap": {
      "binbinhui": 2,
      "-": 19
    }
  },
  {
    "path": "src/main/java/seedu/tracker/command/command.java",
    "fileType": "functional-code",
    "lines": [
      {
        "lineNumber": 1,
        "author": {
          "gitId": "binbinhui"
        },
        "content": "package seedu.tracker.command;"
      },
      {
        "lineNumber": 2,
        "author": {
          "gitId": "binbinhui"
        },
        "content": ""
      },
      {
        "lineNumber": 3,
        "author": {
          "gitId": "binbinhui"
        },
        "content": "public abstract class command {"
      },
      {
        "lineNumber": 4,
        "author": {
          "gitId": "binbinhui"
        },
        "content": ""
      },
      {
        "lineNumber": 5,
        "author": {
          "gitId": "binbinhui"
        },
        "content": "}"
      }
    ],
    "authorContributionMap": {
      "binbinhui": 5
    }
  },
  {
    "path": "src/main/java/seedu/tracker/command/delete.java",
    "fileType": "functional-code",
    "lines": [
      {
        "lineNumber": 1,
        "author": {
          "gitId": "binbinhui"
        },
        "content": "package seedu.tracker.command;"
      },
      {
        "lineNumber": 2,
        "author": {
          "gitId": "binbinhui"
        },
        "content": ""
      },
      {
        "lineNumber": 3,
        "author": {
          "gitId": "binbinhui"
        },
        "content": "public class delete {"
      },
      {
        "lineNumber": 4,
        "author": {
          "gitId": "binbinhui"
        },
        "content": "}"
      }
    ],
    "authorContributionMap": {
      "binbinhui": 4
    }
  },
  {
    "path": "src/main/java/seedu/tracker/command/description.java",
    "fileType": "functional-code",
    "lines": [
      {
        "lineNumber": 1,
        "author": {
          "gitId": "binbinhui"
        },
        "content": "package seedu.tracker.command;"
      },
      {
        "lineNumber": 2,
        "author": {
          "gitId": "binbinhui"
        },
        "content": ""
      },
      {
        "lineNumber": 3,
        "author": {
          "gitId": "binbinhui"
        },
        "content": "public class description {"
      },
      {
        "lineNumber": 4,
        "author": {
          "gitId": "binbinhui"
        },
        "content": "}"
      }
    ],
    "authorContributionMap": {
      "binbinhui": 4
    }
  },
  {
    "path": "src/main/java/seedu/tracker/command/duedate.java",
    "fileType": "functional-code",
    "lines": [
      {
        "lineNumber": 1,
        "author": {
          "gitId": "binbinhui"
        },
        "content": "package seedu.tracker.command;"
      },
      {
        "lineNumber": 2,
        "author": {
          "gitId": "binbinhui"
        },
        "content": ""
      },
      {
        "lineNumber": 3,
        "author": {
          "gitId": "binbinhui"
        },
        "content": "public class duedate {"
      },
      {
        "lineNumber": 4,
        "author": {
          "gitId": "binbinhui"
        },
        "content": "}"
      }
    ],
    "authorContributionMap": {
      "binbinhui": 4
    }
  },
  {
    "path": "src/main/java/seedu/tracker/command/exit.java",
    "fileType": "functional-code",
    "lines": [
      {
        "lineNumber": 1,
        "author": {
          "gitId": "binbinhui"
        },
        "content": "package seedu.tracker.command;"
      },
      {
        "lineNumber": 2,
        "author": {
          "gitId": "binbinhui"
        },
        "content": ""
      },
      {
        "lineNumber": 3,
        "author": {
          "gitId": "binbinhui"
        },
        "content": "public class exit {"
      },
      {
        "lineNumber": 4,
        "author": {
          "gitId": "binbinhui"
        },
        "content": "}"
      }
    ],
    "authorContributionMap": {
      "binbinhui": 4
    }
  },
  {
    "path": "src/main/java/seedu/tracker/command/find.java",
    "fileType": "functional-code",
    "lines": [
      {
        "lineNumber": 1,
        "author": {
          "gitId": "binbinhui"
        },
        "content": "package seedu.tracker.command;"
      },
      {
        "lineNumber": 2,
        "author": {
          "gitId": "binbinhui"
        },
        "content": ""
      },
      {
        "lineNumber": 3,
        "author": {
          "gitId": "binbinhui"
        },
        "content": "public class find {"
      },
      {
        "lineNumber": 4,
        "author": {
          "gitId": "binbinhui"
        },
        "content": "}"
      }
    ],
    "authorContributionMap": {
      "binbinhui": 4
    }
  },
  {
    "path": "src/main/java/seedu/tracker/command/help.java",
    "fileType": "functional-code",
    "lines": [
      {
        "lineNumber": 1,
        "author": {
          "gitId": "binbinhui"
        },
        "content": "package seedu.tracker.command;"
      },
      {
        "lineNumber": 2,
        "author": {
          "gitId": "binbinhui"
        },
        "content": ""
      },
      {
        "lineNumber": 3,
        "author": {
          "gitId": "binbinhui"
        },
        "content": "public class help {"
      },
      {
        "lineNumber": 4,
        "author": {
          "gitId": "binbinhui"
        },
        "content": "}"
      }
    ],
    "authorContributionMap": {
      "binbinhui": 4
    }
  },
  {
    "path": "src/main/java/seedu/tracker/command/incharge.java",
    "fileType": "functional-code",
    "lines": [
      {
        "lineNumber": 1,
        "author": {
          "gitId": "binbinhui"
        },
        "content": "package seedu.tracker.command;"
      },
      {
        "lineNumber": 2,
        "author": {
          "gitId": "binbinhui"
        },
        "content": ""
      },
      {
        "lineNumber": 3,
        "author": {
          "gitId": "binbinhui"
        },
        "content": "public class incharge {"
      },
      {
        "lineNumber": 4,
        "author": {
          "gitId": "binbinhui"
        },
        "content": "}"
      }
    ],
    "authorContributionMap": {
      "binbinhui": 4
    }
  },
  {
    "path": "src/main/java/seedu/tracker/command/involve.java",
    "fileType": "functional-code",
    "lines": [
      {
        "lineNumber": 1,
        "author": {
          "gitId": "binbinhui"
        },
        "content": "package seedu.tracker.command;"
      },
      {
        "lineNumber": 2,
        "author": {
          "gitId": "binbinhui"
        },
        "content": ""
      },
      {
        "lineNumber": 3,
        "author": {
          "gitId": "binbinhui"
        },
        "content": "public class involve {"
      },
      {
        "lineNumber": 4,
        "author": {
          "gitId": "binbinhui"
        },
        "content": "}"
      }
    ],
    "authorContributionMap": {
      "binbinhui": 4
    }
  },
  {
    "path": "src/main/java/seedu/tracker/command/list.java",
    "fileType": "functional-code",
    "lines": [
      {
        "lineNumber": 1,
        "author": {
          "gitId": "binbinhui"
        },
        "content": "package seedu.tracker.command;"
      },
      {
        "lineNumber": 2,
        "author": {
          "gitId": "binbinhui"
        },
        "content": ""
      },
      {
        "lineNumber": 3,
        "author": {
          "gitId": "binbinhui"
        },
        "content": "public class list {"
      },
      {
        "lineNumber": 4,
        "author": {
          "gitId": "binbinhui"
        },
        "content": "}"
      }
    ],
    "authorContributionMap": {
      "binbinhui": 4
    }
  },
  {
    "path": "src/main/java/seedu/tracker/command/name.java",
    "fileType": "functional-code",
    "lines": [
      {
        "lineNumber": 1,
        "author": {
          "gitId": "binbinhui"
        },
        "content": "package seedu.tracker.command;"
      },
      {
        "lineNumber": 2,
        "author": {
          "gitId": "binbinhui"
        },
        "content": ""
      },
      {
        "lineNumber": 3,
        "author": {
          "gitId": "binbinhui"
        },
        "content": "public class name {"
      },
      {
        "lineNumber": 4,
        "author": {
          "gitId": "binbinhui"
        },
        "content": "}"
      }
    ],
    "authorContributionMap": {
      "binbinhui": 4
    }
  },
  {
    "path": "src/main/java/seedu/tracker/command/project.java",
    "fileType": "functional-code",
    "lines": [
      {
        "lineNumber": 1,
        "author": {
          "gitId": "binbinhui"
        },
        "content": "package seedu.tracker.command;"
      },
      {
        "lineNumber": 2,
        "author": {
          "gitId": "binbinhui"
        },
        "content": ""
      },
      {
        "lineNumber": 3,
        "author": {
          "gitId": "binbinhui"
        },
        "content": "public class project {"
      },
      {
        "lineNumber": 4,
        "author": {
          "gitId": "binbinhui"
        },
        "content": "}"
      }
    ],
    "authorContributionMap": {
      "binbinhui": 4
    }
  },
  {
    "path": "src/main/java/seedu/tracker/command/startdate.java",
    "fileType": "functional-code",
    "lines": [
      {
        "lineNumber": 1,
        "author": {
          "gitId": "binbinhui"
        },
        "content": "package seedu.tracker.command;"
      },
      {
        "lineNumber": 2,
        "author": {
          "gitId": "binbinhui"
        },
        "content": ""
      },
      {
        "lineNumber": 3,
        "author": {
          "gitId": "binbinhui"
        },
        "content": "public class startdate {"
      },
      {
        "lineNumber": 4,
        "author": {
          "gitId": "binbinhui"
        },
        "content": "}"
      }
    ],
    "authorContributionMap": {
      "binbinhui": 4
    }
  },
  {
    "path": "src/main/java/seedu/tracker/exception/exception.java",
    "fileType": "functional-code",
    "lines": [
      {
        "lineNumber": 1,
        "author": {
          "gitId": "binbinhui"
        },
        "content": "package seedu.tracker.exception;"
      },
      {
        "lineNumber": 2,
        "author": {
          "gitId": "binbinhui"
        },
        "content": ""
      },
      {
        "lineNumber": 3,
        "author": {
          "gitId": "binbinhui"
        },
        "content": "public class exception {"
      },
      {
        "lineNumber": 4,
        "author": {
          "gitId": "binbinhui"
        },
        "content": "}"
      }
    ],
    "authorContributionMap": {
      "binbinhui": 4
    }
  },
  {
    "path": "src/main/java/seedu/tracker/parser/parser.java",
    "fileType": "functional-code",
    "lines": [
      {
        "lineNumber": 1,
        "author": {
          "gitId": "binbinhui"
        },
        "content": "package seedu.tracker.parser;"
      },
      {
        "lineNumber": 2,
        "author": {
          "gitId": "binbinhui"
        },
        "content": ""
      },
      {
        "lineNumber": 3,
        "author": {
          "gitId": "binbinhui"
        },
        "content": "public class parser {"
      },
      {
        "lineNumber": 4,
        "author": {
          "gitId": "binbinhui"
        },
        "content": "}"
      }
    ],
    "authorContributionMap": {
      "binbinhui": 4
    }
  },
  {
    "path": "src/main/java/seedu/tracker/project/newproject.java",
    "fileType": "functional-code",
    "lines": [
      {
        "lineNumber": 1,
        "author": {
          "gitId": "binbinhui"
        },
        "content": "package seedu.tracker.project;"
      },
      {
        "lineNumber": 2,
        "author": {
          "gitId": "binbinhui"
        },
        "content": ""
      },
      {
        "lineNumber": 3,
        "author": {
          "gitId": "binbinhui"
        },
        "content": "public class newproject {"
      },
      {
        "lineNumber": 4,
        "author": {
          "gitId": "binbinhui"
        },
        "content": "}"
      }
    ],
    "authorContributionMap": {
      "binbinhui": 4
    }
  },
  {
    "path": "src/main/java/seedu/tracker/project/oldproject.java",
    "fileType": "functional-code",
    "lines": [
      {
        "lineNumber": 1,
        "author": {
          "gitId": "binbinhui"
        },
        "content": "package seedu.tracker.project;"
      },
      {
        "lineNumber": 2,
        "author": {
          "gitId": "binbinhui"
        },
        "content": ""
      },
      {
        "lineNumber": 3,
        "author": {
          "gitId": "binbinhui"
        },
        "content": "public class oldproject {"
      },
      {
        "lineNumber": 4,
        "author": {
          "gitId": "binbinhui"
        },
        "content": "}"
      }
    ],
    "authorContributionMap": {
      "binbinhui": 4
    }
  },
  {
    "path": "src/main/java/seedu/tracker/project/project.java",
    "fileType": "functional-code",
    "lines": [
      {
        "lineNumber": 1,
        "author": {
          "gitId": "binbinhui"
        },
        "content": "package seedu.tracker.project;"
      },
      {
        "lineNumber": 2,
        "author": {
          "gitId": "binbinhui"
        },
        "content": ""
      },
      {
        "lineNumber": 3,
        "author": {
          "gitId": "binbinhui"
        },
        "content": "public class project {"
      },
      {
        "lineNumber": 4,
        "author": {
          "gitId": "binbinhui"
        },
        "content": "}"
      }
    ],
    "authorContributionMap": {
      "binbinhui": 4
    }
  },
  {
    "path": "src/main/java/seedu/tracker/project/projectlist.java",
    "fileType": "functional-code",
    "lines": [
      {
        "lineNumber": 1,
        "author": {
          "gitId": "binbinhui"
        },
        "content": "package seedu.tracker.project;"
      },
      {
        "lineNumber": 2,
        "author": {
          "gitId": "binbinhui"
        },
        "content": ""
      },
      {
        "lineNumber": 3,
        "author": {
          "gitId": "binbinhui"
        },
        "content": "public class projectlist {"
      },
      {
        "lineNumber": 4,
        "author": {
          "gitId": "binbinhui"
        },
        "content": "}"
      }
    ],
    "authorContributionMap": {
      "binbinhui": 4
    }
  },
  {
    "path": "src/main/java/seedu/tracker/storage/storage.java",
    "fileType": "functional-code",
    "lines": [
      {
        "lineNumber": 1,
        "author": {
          "gitId": "binbinhui"
        },
        "content": "package seedu.tracker.storage;"
      },
      {
        "lineNumber": 2,
        "author": {
          "gitId": "binbinhui"
        },
        "content": ""
      },
      {
        "lineNumber": 3,
        "author": {
          "gitId": "binbinhui"
        },
        "content": "public class storage {"
      },
      {
        "lineNumber": 4,
        "author": {
          "gitId": "binbinhui"
        },
        "content": "}"
      }
    ],
    "authorContributionMap": {
      "binbinhui": 4
    }
  },
  {
    "path": "src/main/java/seedu/tracker/ui/ui.java",
    "fileType": "functional-code",
    "lines": [
      {
        "lineNumber": 1,
        "author": {
          "gitId": "binbinhui"
        },
        "content": "package seedu.tracker.ui;"
      },
      {
        "lineNumber": 2,
        "author": {
          "gitId": "binbinhui"
        },
        "content": ""
      },
      {
        "lineNumber": 3,
        "author": {
          "gitId": "binbinhui"
        },
        "content": "public class ui {"
      },
      {
        "lineNumber": 4,
        "author": {
          "gitId": "binbinhui"
        },
        "content": "}"
      }
    ],
    "authorContributionMap": {
      "binbinhui": 4
    }
  },
  {
    "path": "src/test/java/seedu/tracker/DukeTest.java",
    "fileType": "test-code",
    "lines": [
      {
        "lineNumber": 1,
        "author": {
          "gitId": "binbinhui"
        },
        "content": "package seedu.tracker;"
      },
      {
        "lineNumber": 2,
        "author": {
          "gitId": "-"
        },
        "content": ""
      },
      {
        "lineNumber": 3,
        "author": {
          "gitId": "-"
        },
        "content": "import static org.junit.jupiter.api.Assertions.assertTrue;"
      },
      {
        "lineNumber": 4,
        "author": {
          "gitId": "-"
        },
        "content": ""
      },
      {
        "lineNumber": 5,
        "author": {
          "gitId": "-"
        },
        "content": "import org.junit.jupiter.api.Test;"
      },
      {
        "lineNumber": 6,
        "author": {
          "gitId": "-"
        },
        "content": ""
      },
      {
        "lineNumber": 7,
        "author": {
          "gitId": "-"
        },
        "content": "class DukeTest {"
      },
      {
        "lineNumber": 8,
        "author": {
          "gitId": "-"
        },
        "content": "    @Test"
      },
      {
        "lineNumber": 9,
        "author": {
          "gitId": "-"
        },
        "content": "    public void sampleTest() {"
      },
      {
        "lineNumber": 10,
        "author": {
          "gitId": "-"
        },
        "content": "        assertTrue(true);"
      },
      {
        "lineNumber": 11,
        "author": {
          "gitId": "-"
        },
        "content": "    }"
      },
      {
        "lineNumber": 12,
        "author": {
          "gitId": "-"
        },
        "content": "}"
      }
    ],
    "authorContributionMap": {
      "binbinhui": 1,
      "-": 11
    }
  }
]
