{
  "authorDailyContributionsMap": {
    "linqing42": [
      {
        "date": "2020-10-11",
        "commitResults": [
          {
            "hash": "6210d0e4b0630f758309959d467163e6ac2440f6",
            "messageTitle": "add FindCommand and some error with InCharge",
            "messageBody": "",
            "fileTypesAndContributionMap": {
              "functional-code": {
                "insertions": 82,
                "deletions": 14
              }
            }
          },
          {
            "hash": "d5e6bc4aa5658592ee91ee04dcd30e16f3a4c495",
            "messageTitle": "edit UserGuid and ReadMe.md",
            "messageBody": "",
            "fileTypesAndContributionMap": {
              "docs": {
                "insertions": 75,
                "deletions": 18
              }
            }
          },
          {
            "hash": "6965a02f9bc47ce6dc5859a54f6af6d62667e23e",
            "messageTitle": "add link for online user guid",
            "messageBody": "",
            "fileTypesAndContributionMap": {
              "docs": {
                "insertions": 1,
                "deletions": 1
              }
            }
          }
        ]
      }
    ],
    "Yiheng0410": [],
    "Impala36": [
      {
        "date": "2020-10-10",
        "commitResults": [
          {
            "hash": "f1cb00748c0cf4336bec9d9d620549499e067223",
            "messageTitle": "A-Skeleton",
            "messageBody": "",
            "fileTypesAndContributionMap": {
              "functional-code": {
                "insertions": 436,
                "deletions": 63
              },
              "other": {
                "insertions": 19,
                "deletions": 19
              },
              "docs": {
                "insertions": 16,
                "deletions": 16
              }
            }
          }
        ]
      },
      {
        "date": "2020-10-11",
        "commitResults": [
          {
            "hash": "7b6c652a793bbf847042ecfac2fb491f3bae76bb",
            "messageTitle": "Renamed back to text-ui-test and removed EXPECTED and input text",
            "messageBody": "",
            "fileTypesAndContributionMap": {
              "other": {
                "insertions": 2,
                "deletions": 3
              },
              "docs": {
                "insertions": 1,
                "deletions": 1
              }
            }
          },
          {
            "hash": "352c303a16da2c49f48d0ead8a80b7d51d2ceeff",
            "messageTitle": "Reformatted all code to checkstyle.xml using CheckStyle-IDEA plugin",
            "messageBody": "",
            "fileTypesAndContributionMap": {
              "functional-code": {
                "insertions": 59,
                "deletions": 39
              }
            }
          },
          {
            "hash": "ede2d9e39a863e74a758eeecabc3328f73a875da",
            "messageTitle": "Reformatted again",
            "messageBody": "",
            "fileTypesAndContributionMap": {
              "functional-code": {
                "insertions": 14,
                "deletions": 11
              }
            }
          },
          {
            "hash": "d1e81d14be674077c8606e0270cf8e6e9826ee3e",
            "messageTitle": "readUserInput() throws NoSuchElementException",
            "messageBody": "",
            "fileTypesAndContributionMap": {
              "functional-code": {
                "insertions": 11,
                "deletions": 4
              }
            }
          },
          {
            "hash": "2973a6034d777584a108f1a8e21451f92a1121ef",
            "messageTitle": "readUserInput() catch NoSuchElementException",
            "messageBody": "",
            "fileTypesAndContributionMap": {
              "functional-code": {
                "insertions": 0,
                "deletions": 1
              }
            }
          }
        ]
      }
    ],
    "binbinhui": [
      {
        "date": "2020-10-02",
        "commitResults": [
          {
            "hash": "7ef86b4871cf58c9e165d43d89ed24554bee57a2",
            "messageTitle": "adding project",
            "messageBody": "",
            "fileTypesAndContributionMap": {
              "functional-code": {
                "insertions": 85,
                "deletions": 0
              },
              "other": {
                "insertions": 3,
                "deletions": 3
              }
            }
          }
        ]
      }
    ]
  },
  "authorFileTypeContributionMap": {
    "linqing42": {
      "docs": 74,
      "functional-code": 82,
      "test-code": 0
    },
    "Yiheng0410": {
      "docs": 0,
      "functional-code": 0,
      "test-code": 0
    },
    "Impala36": {
      "docs": 14,
      "functional-code": 453,
      "test-code": 3,
      "other": 6
    },
    "binbinhui": {
      "docs": 0,
      "functional-code": 32,
      "test-code": 1
    }
  },
  "authorContributionVariance": {
    "linqing42": 607.84204,
    "Yiheng0410": 0.0,
    "Impala36": 5701.901,
    "binbinhui": 137.97702
  },
  "authorDisplayNameMap": {
    "linqing42": "TIC4001-1 LIN ..QING",
    "Yiheng0410": "TIC4001-1 ZHEN..HENG",
    "Impala36": "TIC4001-1 WANG..QUAN",
    "binbinhui": "TIC4001-1 LIN ..NHUI"
  }
}
