{
  "authorDailyContributionsMap": {
    "linqing42": [
      {
        "date": "2020-10-11",
        "commitResults": [
          {
            "hash": "6210d0e4b0630f758309959d467163e6ac2440f6",
            "messageTitle": "add FindCommand and some error with InCharge",
            "messageBody": "",
            "fileTypesAndContributionMap": {
              "functional-code": {
                "insertions": 82,
                "deletions": 14
              }
            }
          },
          {
            "hash": "d5e6bc4aa5658592ee91ee04dcd30e16f3a4c495",
            "messageTitle": "edit UserGuid and ReadMe.md",
            "messageBody": "",
            "fileTypesAndContributionMap": {
              "docs": {
                "insertions": 75,
                "deletions": 18
              }
            }
          },
          {
            "hash": "6965a02f9bc47ce6dc5859a54f6af6d62667e23e",
            "messageTitle": "add link for online user guid",
            "messageBody": "",
            "fileTypesAndContributionMap": {
              "docs": {
                "insertions": 1,
                "deletions": 1
              }
            }
          }
        ]
      },
      {
        "date": "2020-10-13",
        "commitResults": [
          {
            "hash": "9ba7a90287c5e5a49ec66430d456a901fc9f34a2",
            "messageTitle": "update user guid and --help",
            "messageBody": "",
            "fileTypesAndContributionMap": {
              "functional-code": {
                "insertions": 3,
                "deletions": 1
              },
              "docs": {
                "insertions": 50,
                "deletions": 7
              }
            }
          },
          {
            "hash": "a8660855cb33f173e5dad2e2423a758e531263c6",
            "messageTitle": "update user guid and --help",
            "messageBody": "",
            "fileTypesAndContributionMap": {
              "docs": {
                "insertions": 1,
                "deletions": 1
              }
            }
          },
          {
            "hash": "26fb7b7c8e2be59e41d1c3ffad856fed4764463d",
            "messageTitle": "update user guid ,--help",
            "messageBody": "",
            "fileTypesAndContributionMap": {
              "functional-code": {
                "insertions": 12,
                "deletions": 5
              },
              "docs": {
                "insertions": 33,
                "deletions": 8
              }
            }
          }
        ]
      },
      {
        "date": "2020-10-15",
        "commitResults": [
          {
            "hash": "e160d66ace079036465a4ec7aaab583cfbbec4ee",
            "messageTitle": "update developer guide.md",
            "messageBody": "",
            "fileTypesAndContributionMap": {
              "docs": {
                "insertions": 17,
                "deletions": 4
              }
            }
          }
        ]
      },
      {
        "date": "2020-10-16",
        "commitResults": [
          {
            "hash": "f53c7f4b7a7aa7837920e40e9687033ba3eec526",
            "messageTitle": "update image in developer guide",
            "messageBody": "",
            "fileTypesAndContributionMap": {
              "docs": {
                "insertions": 3,
                "deletions": 2
              }
            }
          },
          {
            "hash": "e8619ef73450f19a6f7d709f1627083de9e10a73",
            "messageTitle": "Update DeveloperGuide.md",
            "messageBody": "",
            "fileTypesAndContributionMap": {
              "docs": {
                "insertions": 2,
                "deletions": 1
              }
            }
          },
          {
            "hash": "d5993c72e4b59121bc4136271acd0f223d8cb0d5",
            "messageTitle": "update image in developer guide",
            "messageBody": "",
            "fileTypesAndContributionMap": {
              "docs": {
                "insertions": 1,
                "deletions": 1
              }
            }
          },
          {
            "hash": "0d91ad5d91add0582995cb5d5996051febed4c2c",
            "messageTitle": "update image in developer guide",
            "messageBody": "",
            "fileTypesAndContributionMap": {
              "docs": {
                "insertions": 2,
                "deletions": 1
              }
            }
          },
          {
            "hash": "d4cbf4bb5cd9b3f2e484ad2e05c69973739791ec",
            "messageTitle": "update image in developer guide",
            "messageBody": "",
            "fileTypesAndContributionMap": {
              "docs": {
                "insertions": 2,
                "deletions": 2
              }
            }
          },
          {
            "hash": "eaf8298f6f9e7692cbf6e647d75a05f82c9fc4ee",
            "messageTitle": "update glossary in developer guide",
            "messageBody": "",
            "fileTypesAndContributionMap": {
              "docs": {
                "insertions": 2,
                "deletions": 2
              }
            }
          }
        ]
      }
    ],
    "Yiheng0410": [
      {
        "date": "2020-10-15",
        "commitResults": [
          {
            "hash": "5ee400ac08530393acef8ecd7120adb2628a3e0f",
            "messageTitle": "update list command",
            "messageBody": "",
            "fileTypesAndContributionMap": {
              "functional-code": {
                "insertions": 18,
                "deletions": 8
              }
            }
          },
          {
            "hash": "64ef088de5aafaf6b38813e72a64702eaa8f9a9d",
            "messageTitle": "update list command",
            "messageBody": "",
            "fileTypesAndContributionMap": {
              "functional-code": {
                "insertions": 1,
                "deletions": 0
              }
            }
          }
        ]
      },
      {
        "date": "2020-10-16",
        "commitResults": [
          {
            "hash": "0015df4eb427a429d8f92c37e65f9ac766fc518b",
            "messageTitle": "Add Junit Test",
            "messageBody": "",
            "fileTypesAndContributionMap": {
              "test-code": {
                "insertions": 85,
                "deletions": 0
              }
            }
          },
          {
            "hash": "49dabf4ed954bea43be9dd83933e376698bb4281",
            "messageTitle": "Add Junit Test",
            "messageBody": "",
            "fileTypesAndContributionMap": {
              "test-code": {
                "insertions": 36,
                "deletions": 1
              }
            }
          }
        ]
      }
    ],
    "Impala36": [
      {
        "date": "2020-10-10",
        "commitResults": [
          {
            "hash": "f1cb00748c0cf4336bec9d9d620549499e067223",
            "messageTitle": "A-Skeleton",
            "messageBody": "",
            "fileTypesAndContributionMap": {
              "functional-code": {
                "insertions": 436,
                "deletions": 63
              },
              "other": {
                "insertions": 19,
                "deletions": 19
              },
              "docs": {
                "insertions": 16,
                "deletions": 16
              }
            }
          }
        ]
      },
      {
        "date": "2020-10-11",
        "commitResults": [
          {
            "hash": "7b6c652a793bbf847042ecfac2fb491f3bae76bb",
            "messageTitle": "Renamed back to text-ui-test and removed EXPECTED and input text",
            "messageBody": "",
            "fileTypesAndContributionMap": {
              "other": {
                "insertions": 2,
                "deletions": 3
              },
              "docs": {
                "insertions": 1,
                "deletions": 1
              }
            }
          },
          {
            "hash": "352c303a16da2c49f48d0ead8a80b7d51d2ceeff",
            "messageTitle": "Reformatted all code to checkstyle.xml using CheckStyle-IDEA plugin",
            "messageBody": "",
            "fileTypesAndContributionMap": {
              "functional-code": {
                "insertions": 59,
                "deletions": 39
              }
            }
          },
          {
            "hash": "ede2d9e39a863e74a758eeecabc3328f73a875da",
            "messageTitle": "Reformatted again",
            "messageBody": "",
            "fileTypesAndContributionMap": {
              "functional-code": {
                "insertions": 14,
                "deletions": 11
              }
            }
          },
          {
            "hash": "d1e81d14be674077c8606e0270cf8e6e9826ee3e",
            "messageTitle": "readUserInput() throws NoSuchElementException",
            "messageBody": "",
            "fileTypesAndContributionMap": {
              "functional-code": {
                "insertions": 11,
                "deletions": 4
              }
            }
          },
          {
            "hash": "2973a6034d777584a108f1a8e21451f92a1121ef",
            "messageTitle": "readUserInput() catch NoSuchElementException",
            "messageBody": "",
            "fileTypesAndContributionMap": {
              "functional-code": {
                "insertions": 0,
                "deletions": 1
              }
            }
          }
        ]
      },
      {
        "date": "2020-10-12",
        "commitResults": [
          {
            "hash": "0e747098e6a8006b2632b72b8527e507245c8ac2",
            "messageTitle": "Update README.md",
            "messageBody": "",
            "fileTypesAndContributionMap": {
              "docs": {
                "insertions": 1,
                "deletions": 1
              }
            }
          }
        ]
      },
      {
        "date": "2020-10-14",
        "commitResults": [
          {
            "hash": "e538046a550b7db985b95a4778a7501c3848de2a",
            "messageTitle": "Renamed variables for readability Working Storage that creates and updates project.txt Added comma between words in Add command",
            "messageBody": "",
            "fileTypesAndContributionMap": {
              "functional-code": {
                "insertions": 167,
                "deletions": 164
              },
              "docs": {
                "insertions": 21,
                "deletions": 21
              }
            }
          }
        ]
      },
      {
        "date": "2020-10-15",
        "commitResults": [
          {
            "hash": "1c333f76ad1eb2735d4a0188c2bf153af377bb68",
            "messageTitle": "Shifted displaying of project to Ui so it can be used by project, delete \u0026 list",
            "messageBody": "",
            "fileTypesAndContributionMap": {
              "functional-code": {
                "insertions": 28,
                "deletions": 25
              }
            }
          },
          {
            "hash": "ae7bad06099dbbc153d5ce727fe5ba97136f053f",
            "messageTitle": "Update AboutUs.md",
            "messageBody": "",
            "fileTypesAndContributionMap": {
              "docs": {
                "insertions": 6,
                "deletions": 7
              }
            }
          },
          {
            "hash": "8a17146df250c15e96efdd646eec218d91473028",
            "messageTitle": "Update README.md",
            "messageBody": "",
            "fileTypesAndContributionMap": {
              "docs": {
                "insertions": 5,
                "deletions": 61
              }
            }
          },
          {
            "hash": "3a66b1b70ba34f71071afc334624c43815050ec7",
            "messageTitle": "Update README.md",
            "messageBody": "",
            "fileTypesAndContributionMap": {
              "docs": {
                "insertions": 3,
                "deletions": 3
              }
            }
          },
          {
            "hash": "b3fe76a01fc951c4bab1993e8e8b4214a71c7f31",
            "messageTitle": "Update AboutUs.md",
            "messageBody": "",
            "fileTypesAndContributionMap": {
              "docs": {
                "insertions": 3,
                "deletions": 3
              }
            }
          },
          {
            "hash": "b5bea8641c02659d8788b076a172cc530900fac8",
            "messageTitle": "Update AboutUs.md",
            "messageBody": "",
            "fileTypesAndContributionMap": {
              "docs": {
                "insertions": 3,
                "deletions": 3
              }
            }
          },
          {
            "hash": "a9bb29b75980b347f1f368f48aaa88ad3a087776",
            "messageTitle": "Update UserGuide.md",
            "messageBody": "",
            "fileTypesAndContributionMap": {
              "docs": {
                "insertions": 52,
                "deletions": 20
              }
            }
          },
          {
            "hash": "3fa886505f79b6968b9001202908d162ca350822",
            "messageTitle": "Updated Find with ui.displayProject()",
            "messageBody": "",
            "fileTypesAndContributionMap": {
              "functional-code": {
                "insertions": 4,
                "deletions": 6
              }
            }
          },
          {
            "hash": "903bf7f031c449a9c3b9a57373a371d406e9ced6",
            "messageTitle": "Update UserGuide.md",
            "messageBody": "",
            "fileTypesAndContributionMap": {
              "docs": {
                "insertions": 9,
                "deletions": 4
              }
            }
          },
          {
            "hash": "6019cef24d87013877d12761ee21bff252a8aa29",
            "messageTitle": "Update UserGuide.md",
            "messageBody": "",
            "fileTypesAndContributionMap": {
              "docs": {
                "insertions": 2,
                "deletions": 2
              }
            }
          },
          {
            "hash": "d66a1bbe94805312479106cc0aac647d1996c6a3",
            "messageTitle": "Update UserGuide.md",
            "messageBody": "",
            "fileTypesAndContributionMap": {
              "docs": {
                "insertions": 0,
                "deletions": 1
              }
            }
          }
        ]
      }
    ],
    "binbinhui": [
      {
        "date": "2020-10-02",
        "commitResults": [
          {
            "hash": "7ef86b4871cf58c9e165d43d89ed24554bee57a2",
            "messageTitle": "adding project",
            "messageBody": "",
            "fileTypesAndContributionMap": {
              "functional-code": {
                "insertions": 85,
                "deletions": 0
              },
              "other": {
                "insertions": 3,
                "deletions": 3
              }
            }
          }
        ]
      },
      {
        "date": "2020-10-13",
        "commitResults": [
          {
            "hash": "2ef6538ca60d3b3709161c3e72bc7f82c9bd5e35",
            "messageTitle": "Implement adding new project and replacement of current project\u0027s value.",
            "messageBody": "",
            "fileTypesAndContributionMap": {
              "functional-code": {
                "insertions": 475,
                "deletions": 34
              }
            }
          },
          {
            "hash": "fbc7578a47917a7505190a02811e19cbb24d0dbd",
            "messageTitle": "Gradle change",
            "messageBody": "",
            "fileTypesAndContributionMap": {
              "other": {
                "insertions": 12,
                "deletions": 14
              }
            }
          },
          {
            "hash": "44777508f2016153089352d9bdbe4e1a94d8c77c",
            "messageTitle": "add replace and add command",
            "messageBody": "",
            "fileTypesAndContributionMap": {
              "functional-code": {
                "insertions": 47,
                "deletions": 334
              },
              "other": {
                "insertions": 17,
                "deletions": 18
              }
            }
          },
          {
            "hash": "fdd4b5d819d438fcd96ebcb0d509c80f7a50b770",
            "messageTitle": "edit add feature",
            "messageBody": "",
            "fileTypesAndContributionMap": {
              "functional-code": {
                "insertions": 4,
                "deletions": 4
              }
            }
          },
          {
            "hash": "17d574c57695825eef923c12a7cfea7660b0857e",
            "messageTitle": "Update UI",
            "messageBody": "",
            "fileTypesAndContributionMap": {
              "functional-code": {
                "insertions": 13,
                "deletions": 12
              }
            }
          },
          {
            "hash": "d10d12365b73a95c4ebd610b4f46f0bec1adaa70",
            "messageTitle": "added text-ui-test",
            "messageBody": "",
            "fileTypesAndContributionMap": {
              "other": {
                "insertions": 12,
                "deletions": 1
              }
            }
          },
          {
            "hash": "81399b93a1af9243621a2587cb5be9bd9d0eb720",
            "messageTitle": "remote print",
            "messageBody": "",
            "fileTypesAndContributionMap": {
              "functional-code": {
                "insertions": 0,
                "deletions": 4
              }
            }
          }
        ]
      },
      {
        "date": "2020-10-16",
        "commitResults": [
          {
            "hash": "6302227c2e8d33e85aa86547a048791606f2bfc8",
            "messageTitle": "rename replace to edit and project to crerate",
            "messageBody": "",
            "fileTypesAndContributionMap": {
              "functional-code": {
                "insertions": 4,
                "deletions": 4
              },
              "other": {
                "insertions": 4,
                "deletions": 4
              },
              "test-code": {
                "insertions": 0,
                "deletions": 1
              }
            }
          }
        ]
      },
      {
        "date": "2020-10-17",
        "commitResults": [
          {
            "hash": "89aa518e785a5b2750076b7cddef00fdcee7e17a",
            "messageTitle": "Adding email notification --send numberproject  and adding a --delete all feature.",
            "messageBody": "",
            "fileTypesAndContributionMap": {
              "functional-code": {
                "insertions": 186,
                "deletions": 5
              },
              "other": {
                "insertions": 3,
                "deletions": 0
              }
            }
          }
        ]
      }
    ]
  },
  "authorFileTypeContributionMap": {
    "linqing42": {
      "docs": 135,
      "functional-code": 48,
      "test-code": 0
    },
    "Yiheng0410": {
      "docs": 0,
      "functional-code": 2,
      "test-code": 118
    },
    "Impala36": {
      "docs": 77,
      "functional-code": 562,
      "test-code": 3,
      "other": 5
    },
    "binbinhui": {
      "docs": 0,
      "functional-code": 311,
      "test-code": 1,
      "other": 15
    }
  },
  "authorContributionVariance": {
    "linqing42": 770.40094,
    "Yiheng0410": 234.94534,
    "Impala36": 7985.9297,
    "binbinhui": 15724.413
  },
  "authorDisplayNameMap": {
    "linqing42": "TIC4001-1 LIN ..QING",
    "Yiheng0410": "TIC4001-1 ZHEN..HENG",
    "Impala36": "TIC4001-1 WANG..QUAN",
    "binbinhui": "TIC4001-1 LIN ..NHUI"
  }
}
