{
  "authorDailyContributionsMap": {
    "ZhengShijieNUS": [
      {
        "date": "2020-09-20",
        "commitResults": [
          {
            "hash": "21ce2a47c9282ffb1a996bd033cc6d9d2575f1e6",
            "messageTitle": "add VIEW function",
            "messageBody": "",
            "fileTypesAndContributionMap": {
              "functional-code": {
                "insertions": 9,
                "deletions": 0
              }
            }
          }
        ]
      },
      {
        "date": "2020-10-11",
        "commitResults": [
          {
            "hash": "85189ef342647df91c30e0a08949a34b38895737",
            "messageTitle": "add Junit test for Defect class Using SimpleDateFormat(\"MMM dd yyyy\",Locale.ENGLISH) to force converting in English format date",
            "messageBody": "",
            "fileTypesAndContributionMap": {
              "functional-code": {
                "insertions": 4,
                "deletions": 2
              },
              "test-code": {
                "insertions": 13,
                "deletions": 0
              }
            }
          },
          {
            "hash": "203d49949c609553ba0c918c0b50a4dc07452db2",
            "messageTitle": "add ViewFuncionTest, add exception for view, add view exception test.",
            "messageBody": "",
            "fileTypesAndContributionMap": {
              "functional-code": {
                "insertions": 3,
                "deletions": 0
              },
              "test-code": {
                "insertions": 85,
                "deletions": 0
              }
            }
          },
          {
            "hash": "fb5b12ee2befc620d9e12623687ab49feb097851",
            "messageTitle": "add assert and log info to view",
            "messageBody": "",
            "fileTypesAndContributionMap": {
              "functional-code": {
                "insertions": 7,
                "deletions": 1
              },
              "test-code": {
                "insertions": 0,
                "deletions": 1
              }
            }
          },
          {
            "hash": "e82b5f42daf9987414ee954352afdf03b61f2b05",
            "messageTitle": "changing style of code",
            "messageBody": "",
            "fileTypesAndContributionMap": {
              "functional-code": {
                "insertions": 3,
                "deletions": 2
              },
              "test-code": {
                "insertions": 16,
                "deletions": 6
              }
            }
          }
        ]
      },
      {
        "date": "2020-10-18",
        "commitResults": [
          {
            "hash": "c4e555be94fd14826a95a7ca6b27296335a5f3db",
            "messageTitle": "add update function",
            "messageBody": "",
            "fileTypesAndContributionMap": {
              "functional-code": {
                "insertions": 107,
                "deletions": 0
              }
            }
          }
        ]
      },
      {
        "date": "2020-10-25",
        "commitResults": [
          {
            "hash": "228dd69e4a7aa82f2b9920b13dd63903d230c49e",
            "messageTitle": "update with full stop",
            "messageBody": "",
            "fileTypesAndContributionMap": {
              "docs": {
                "insertions": 2,
                "deletions": 2
              }
            }
          },
          {
            "hash": "20720cb83c47f759b39356bcf7a559ba8b5bbe5b",
            "messageTitle": "update with full stop to DG",
            "messageBody": "",
            "fileTypesAndContributionMap": {
              "docs": {
                "insertions": 2,
                "deletions": 2
              }
            }
          }
        ]
      },
      {
        "date": "2020-11-04",
        "commitResults": [
          {
            "hash": "8142b38bcedcb35ea7ef11ea4009d1142f550b61",
            "messageTitle": "Create ImageReadMe.txt",
            "messageBody": "",
            "fileTypesAndContributionMap": {
              "other": {
                "insertions": 1,
                "deletions": 0
              }
            }
          },
          {
            "hash": "9c30271baaf28834336a09b1a495c8f660549393",
            "messageTitle": "Update DeveloperGuide.md",
            "messageBody": "",
            "fileTypesAndContributionMap": {
              "docs": {
                "insertions": 25,
                "deletions": 1
              }
            }
          }
        ]
      },
      {
        "date": "2020-11-05",
        "commitResults": [
          {
            "hash": "e310f02d625513e92695ee781b3acd46c0dfc11b",
            "messageTitle": "add description to DG",
            "messageBody": "add descriptions to IssueList component and Common component",
            "fileTypesAndContributionMap": {
              "docs": {
                "insertions": 16,
                "deletions": 2
              }
            }
          }
        ]
      },
      {
        "date": "2020-11-06",
        "commitResults": [
          {
            "hash": "0ab9d9180db1786eb0290948e94978f9f33f3a1c",
            "messageTitle": "Create zhengshijienus.md",
            "messageBody": "",
            "fileTypesAndContributionMap": {
              "docs": {
                "insertions": 51,
                "deletions": 0
              }
            }
          }
        ]
      }
    ],
    "tototto": [
      {
        "date": "2020-09-18",
        "commitResults": [
          {
            "hash": "b65899ff0a7165e381ded6c355798f498e82076b",
            "messageTitle": "Built IT Logger skeleton with Team",
            "messageBody": "",
            "fileTypesAndContributionMap": {
              "functional-code": {
                "insertions": 152,
                "deletions": 21
              },
              "other": {
                "insertions": 2,
                "deletions": 2
              }
            }
          }
        ]
      },
      {
        "date": "2020-09-19",
        "commitResults": [
          {
            "hash": "9d00a110b88a362652d5f13468712deefadd6579",
            "messageTitle": "open import project as Gradel project",
            "messageBody": "",
            "fileTypesAndContributionMap": {
              "test-code": {
                "insertions": 1,
                "deletions": 0
              }
            }
          }
        ]
      },
      {
        "date": "2020-09-21",
        "commitResults": [
          {
            "hash": "c63424ed45bcd9d3c94ed1c1d18f6a95395e4cde",
            "messageTitle": "Added functionality to display all the Defect (issue lists)",
            "messageBody": "",
            "fileTypesAndContributionMap": {
              "functional-code": {
                "insertions": 25,
                "deletions": 2
              }
            }
          }
        ]
      },
      {
        "date": "2020-10-03",
        "commitResults": [
          {
            "hash": "9b3afc918f4a245cb6c274902c1b6c788aa2481c",
            "messageTitle": "completed JUnit Automation TestScript for IssueList class.",
            "messageBody": "",
            "fileTypesAndContributionMap": {
              "functional-code": {
                "insertions": 1,
                "deletions": 0
              },
              "test-code": {
                "insertions": 56,
                "deletions": 0
              }
            }
          }
        ]
      },
      {
        "date": "2020-10-10",
        "commitResults": [
          {
            "hash": "07f0292ec1e4d5b26d64c9aa9edeadcbdd7a8a19",
            "messageTitle": "fixed damaged local copy",
            "messageBody": "",
            "fileTypesAndContributionMap": {
              "functional-code": {
                "insertions": 11,
                "deletions": 14
              },
              "test-code": {
                "insertions": 1,
                "deletions": 1
              }
            }
          },
          {
            "hash": "de1910def1cee26c6e9b6bd105329aaec59bdc28",
            "messageTitle": "fixed further damage",
            "messageBody": "",
            "fileTypesAndContributionMap": {
              "functional-code": {
                "insertions": 13,
                "deletions": 2
              }
            }
          },
          {
            "hash": "519561f1a66b67721c61f373a4137c57cf4285cc",
            "messageTitle": "completed tP JW-Code-Defensiveness",
            "messageBody": "",
            "fileTypesAndContributionMap": {
              "functional-code": {
                "insertions": 170,
                "deletions": 15
              }
            }
          }
        ]
      },
      {
        "date": "2020-10-11",
        "commitResults": [
          {
            "hash": "c6a18c1af253eb74406b393e2388395ff6fbdb81",
            "messageTitle": "made further updates to branch",
            "messageBody": "",
            "fileTypesAndContributionMap": {
              "test-code": {
                "insertions": 30,
                "deletions": 0
              }
            }
          },
          {
            "hash": "368c4da2d07d7abc0507cfe5b2898a09e90baaa4",
            "messageTitle": "fixed checkstyle for wildcard import for issueList.java",
            "messageBody": "",
            "fileTypesAndContributionMap": {
              "functional-code": {
                "insertions": 5,
                "deletions": 1
              }
            }
          }
        ]
      },
      {
        "date": "2020-10-18",
        "commitResults": [
          {
            "hash": "32dacb129418b130266190c40f7a3a27bf588d22",
            "messageTitle": "remove console logger from default logger",
            "messageBody": "",
            "fileTypesAndContributionMap": {
              "functional-code": {
                "insertions": 40,
                "deletions": 25
              }
            }
          },
          {
            "hash": "8c0587b1530e42149cef7acbc86a0f63f43234a6",
            "messageTitle": "fixed checkstyle issue",
            "messageBody": "",
            "fileTypesAndContributionMap": {
              "functional-code": {
                "insertions": 23,
                "deletions": 3
              }
            }
          },
          {
            "hash": "f40a93ce27b4b8d7e35fc583949aaae65c801d4b",
            "messageTitle": "created Search functionality to search by title, status, severity, deadline, owner",
            "messageBody": "",
            "fileTypesAndContributionMap": {
              "functional-code": {
                "insertions": 151,
                "deletions": 0
              }
            }
          },
          {
            "hash": "94b4bf0a104348254a081b8cae700a979257d3d0",
            "messageTitle": "fixed checkstyle",
            "messageBody": "",
            "fileTypesAndContributionMap": {
              "functional-code": {
                "insertions": 5,
                "deletions": 1
              }
            }
          },
          {
            "hash": "ce2a655af5884e6133ed3bb8e3a38b1ffef33330",
            "messageTitle": "Update Defect.java",
            "messageBody": "removed duplicatE",
            "fileTypesAndContributionMap": {
              "functional-code": {
                "insertions": 0,
                "deletions": 23
              }
            }
          }
        ]
      },
      {
        "date": "2020-10-25",
        "commitResults": [
          {
            "hash": "7d477fccba7018ebfad211dbb40e6ee086251182",
            "messageTitle": "Update DeveloperGuide.md",
            "messageBody": "",
            "fileTypesAndContributionMap": {
              "docs": {
                "insertions": 1,
                "deletions": 1
              }
            }
          },
          {
            "hash": "8cad7699e6247d7f5807d039f5de2a57256c43b4",
            "messageTitle": "Update UserGuide.md",
            "messageBody": "",
            "fileTypesAndContributionMap": {
              "docs": {
                "insertions": 1,
                "deletions": 1
              }
            }
          },
          {
            "hash": "e6a10c6a0e42cf7cbb71576b076cfd167497e204",
            "messageTitle": "added fullstop",
            "messageBody": "",
            "fileTypesAndContributionMap": {
              "docs": {
                "insertions": 1,
                "deletions": 1
              }
            }
          }
        ]
      },
      {
        "date": "2020-11-04",
        "commitResults": [
          {
            "hash": "de6089ad1c2efe2e85c4075ea0d3b5584de0828e",
            "messageTitle": "Update DeveloperGuide.md",
            "messageBody": "",
            "fileTypesAndContributionMap": {
              "docs": {
                "insertions": 1,
                "deletions": 1
              }
            }
          },
          {
            "hash": "d1ce7b8149e30e889e130b26a890814d1317ea52",
            "messageTitle": "Update DeveloperGuide.md",
            "messageBody": "",
            "fileTypesAndContributionMap": {
              "docs": {
                "insertions": 3,
                "deletions": 1
              }
            }
          },
          {
            "hash": "0d9c2b9a08b0fc19985e1d9df42871102e418559",
            "messageTitle": "Update DeveloperGuide.md",
            "messageBody": "",
            "fileTypesAndContributionMap": {
              "docs": {
                "insertions": 15,
                "deletions": 0
              }
            }
          }
        ]
      },
      {
        "date": "2020-11-06",
        "commitResults": [
          {
            "hash": "4880476bf244a546e440b42a017832602d0804ca",
            "messageTitle": "Create tayjunwen.md",
            "messageBody": "",
            "fileTypesAndContributionMap": {
              "docs": {
                "insertions": 6,
                "deletions": 0
              }
            }
          },
          {
            "hash": "2379d07a7d8be737fe3080f46ac41083fb2ca54e",
            "messageTitle": "Update tayjunwen.md",
            "messageBody": "",
            "fileTypesAndContributionMap": {
              "docs": {
                "insertions": 12,
                "deletions": 2
              }
            }
          },
          {
            "hash": "153106134e85a1394f49a33e0691b4bc6a1bb31f",
            "messageTitle": "Update tayjunwen.md",
            "messageBody": "",
            "fileTypesAndContributionMap": {
              "docs": {
                "insertions": 26,
                "deletions": 3
              }
            }
          },
          {
            "hash": "befea5b533d8d7af33b40413b26a57694939f8c0",
            "messageTitle": "Update tayjunwen.md",
            "messageBody": "",
            "fileTypesAndContributionMap": {
              "docs": {
                "insertions": 12,
                "deletions": 4
              }
            }
          },
          {
            "hash": "335ba148646a9a3d092002bc21f50bfacfeee3e5",
            "messageTitle": "Update tayjunwen.md",
            "messageBody": "",
            "fileTypesAndContributionMap": {
              "docs": {
                "insertions": 1,
                "deletions": 0
              }
            }
          },
          {
            "hash": "ce2c7c35fbbe68857930b6810f919d28cdb22ea8",
            "messageTitle": "Update tayjunwen.md",
            "messageBody": "",
            "fileTypesAndContributionMap": {
              "docs": {
                "insertions": 7,
                "deletions": 2
              }
            }
          },
          {
            "hash": "1d6e98fbf69478d9629b4eb07fcf3520af7ad95e",
            "messageTitle": "Update tayjunwen.md",
            "messageBody": "",
            "fileTypesAndContributionMap": {
              "docs": {
                "insertions": 1,
                "deletions": 1
              }
            }
          },
          {
            "hash": "7e74cfae72344ab5a7d70d06b25d6b92f721f1b7",
            "messageTitle": "Update tayjunwen.md",
            "messageBody": "",
            "fileTypesAndContributionMap": {
              "docs": {
                "insertions": 1,
                "deletions": 1
              }
            }
          },
          {
            "hash": "89b75e7e0b1e9b1b443ac758edf9239cb749790e",
            "messageTitle": "Update tayjunwen.md",
            "messageBody": "",
            "fileTypesAndContributionMap": {
              "docs": {
                "insertions": 15,
                "deletions": 3
              }
            }
          },
          {
            "hash": "710d416880bbb08d8b3d75c7a95b16a499b562e4",
            "messageTitle": "Update tayjunwen.md",
            "messageBody": "",
            "fileTypesAndContributionMap": {
              "docs": {
                "insertions": 7,
                "deletions": 7
              }
            }
          },
          {
            "hash": "d1b27a3f61b75a14ba3137f79249a1a16e03fb53",
            "messageTitle": "Update tayjunwen.md",
            "messageBody": "",
            "fileTypesAndContributionMap": {
              "docs": {
                "insertions": 1,
                "deletions": 0
              }
            }
          },
          {
            "hash": "6041c4746e6f8b2f4fc5ebb98edec366228c03b1",
            "messageTitle": "Update DeveloperGuide.md",
            "messageBody": "",
            "fileTypesAndContributionMap": {
              "docs": {
                "insertions": 2,
                "deletions": 1
              }
            }
          },
          {
            "hash": "ca3154734def542fa1cd3a0652217a43435cccd0",
            "messageTitle": "Update DeveloperGuide.md",
            "messageBody": "",
            "fileTypesAndContributionMap": {
              "docs": {
                "insertions": 2,
                "deletions": 0
              }
            }
          },
          {
            "hash": "fe1dcd8a8562ff021fbc8cc2ef5ff3c9b26e6974",
            "messageTitle": "Update DeveloperGuide.md",
            "messageBody": "",
            "fileTypesAndContributionMap": {
              "docs": {
                "insertions": 4,
                "deletions": 1
              }
            }
          },
          {
            "hash": "f7cda0007c4938f09c825f660fc117fd0c157926",
            "messageTitle": "Update DeveloperGuide.md",
            "messageBody": "",
            "fileTypesAndContributionMap": {
              "docs": {
                "insertions": 0,
                "deletions": 3
              }
            }
          }
        ]
      },
      {
        "date": "2020-11-09",
        "commitResults": [
          {
            "hash": "f3620e3f803eef12100206518103d27080ed5062",
            "messageTitle": "Update tayjunwen.md",
            "messageBody": "",
            "fileTypesAndContributionMap": {
              "docs": {
                "insertions": 3,
                "deletions": 2
              }
            }
          },
          {
            "hash": "f7d16c8e4dd7d8ddb8bd6465d0faf12e038bc93d",
            "messageTitle": "Update DeveloperGuide.md",
            "messageBody": "",
            "fileTypesAndContributionMap": {
              "docs": {
                "insertions": 22,
                "deletions": 0
              }
            }
          }
        ]
      },
      {
        "date": "2020-11-10",
        "commitResults": [
          {
            "hash": "ba12eac9ccfc4ddcba60843ac84ba6bb562eed5f",
            "messageTitle": "Update DeveloperGuide.md",
            "messageBody": "",
            "fileTypesAndContributionMap": {
              "docs": {
                "insertions": 4,
                "deletions": 3
              }
            }
          },
          {
            "hash": "546625fe14ea9eb51416020e32f064dd6e2920d2",
            "messageTitle": "Update DeveloperGuide.md",
            "messageBody": "",
            "fileTypesAndContributionMap": {
              "docs": {
                "insertions": 1,
                "deletions": 1
              }
            }
          },
          {
            "hash": "a07eafe2e80693d37a24bed4fec9d7327ed66e3c",
            "messageTitle": "Update tayjunwen.md",
            "messageBody": "",
            "fileTypesAndContributionMap": {
              "docs": {
                "insertions": 1,
                "deletions": 1
              }
            }
          }
        ]
      }
    ],
    "JanuariusJang": [
      {
        "date": "2020-09-26",
        "commitResults": [
          {
            "hash": "ed76104e3a9ecf17bb6d5dd570e5454547628632",
            "messageTitle": "Added the Delete function.",
            "messageBody": "",
            "fileTypesAndContributionMap": {
              "functional-code": {
                "insertions": 5,
                "deletions": 0
              }
            }
          }
        ]
      },
      {
        "date": "2020-10-02",
        "commitResults": [
          {
            "hash": "4eb0124e280b6459cb1bb5c647fa13c0358e636b",
            "messageTitle": "Added the getSize() method as I needed this for my JUnit Testing. Added DeteleFunctionTest class for JUnit testing",
            "messageBody": "",
            "fileTypesAndContributionMap": {
              "functional-code": {
                "insertions": 2,
                "deletions": 0
              },
              "test-code": {
                "insertions": 46,
                "deletions": 0
              }
            }
          },
          {
            "hash": "3dce1bfa9617467e36c92e2e925a17018a5e47ab",
            "messageTitle": "changed the spacing as it failed the CheckStyle",
            "messageBody": "",
            "fileTypesAndContributionMap": {
              "test-code": {
                "insertions": 3,
                "deletions": 0
              }
            }
          },
          {
            "hash": "fdb7937da79774d3cde25c746de311846eef16c2",
            "messageTitle": "changed spacing to pass CheckStyle",
            "messageBody": "",
            "fileTypesAndContributionMap": {
              "functional-code": {
                "insertions": 4,
                "deletions": 1
              }
            }
          },
          {
            "hash": "6d9b7bbf2ef46a8b0229b8b8e2e164fe2002aea1",
            "messageTitle": "removed unused changes",
            "messageBody": "",
            "fileTypesAndContributionMap": {
              "test-code": {
                "insertions": 0,
                "deletions": 2
              }
            }
          },
          {
            "hash": "53a019b765b951b6fd715492e8550e6e6d946aa1",
            "messageTitle": "Removed space to pass CheckStyle",
            "messageBody": "",
            "fileTypesAndContributionMap": {
              "functional-code": {
                "insertions": 1,
                "deletions": 2
              }
            }
          }
        ]
      },
      {
        "date": "2020-10-03",
        "commitResults": [
          {
            "hash": "b8b5ba2f435da478e84104cec3fb2e4ec52e4f43",
            "messageTitle": "made Styling changes",
            "messageBody": "",
            "fileTypesAndContributionMap": {
              "test-code": {
                "insertions": 11,
                "deletions": 13
              }
            }
          }
        ]
      },
      {
        "date": "2020-10-09",
        "commitResults": [
          {
            "hash": "f068010de6391613248f51109ce167c075e6bf20",
            "messageTitle": "made formatting changes to pass gradle testing",
            "messageBody": "",
            "fileTypesAndContributionMap": {
              "test-code": {
                "insertions": 9,
                "deletions": 8
              }
            }
          }
        ]
      },
      {
        "date": "2020-10-13",
        "commitResults": [
          {
            "hash": "ae0685e262ec27ccc4733c152c96b980987f75b5",
            "messageTitle": "updated version of my Checkstyle",
            "messageBody": "",
            "fileTypesAndContributionMap": {
              "other": {
                "insertions": 1,
                "deletions": 1
              }
            }
          }
        ]
      },
      {
        "date": "2020-10-14",
        "commitResults": [
          {
            "hash": "28a6c1ddd03a0e4ad6dea1c1a810030452af2409",
            "messageTitle": "Added Logging, Assertions and Exceptions",
            "messageBody": "",
            "fileTypesAndContributionMap": {
              "functional-code": {
                "insertions": 10,
                "deletions": 0
              }
            }
          },
          {
            "hash": "ad290299fc942166059e30c2fc63869748320be1",
            "messageTitle": "Changed formatting to pass CheckStyle",
            "messageBody": "",
            "fileTypesAndContributionMap": {
              "functional-code": {
                "insertions": 2,
                "deletions": 1
              }
            }
          },
          {
            "hash": "0d73702bef872e4b1a2832471f23caed92de7cf8",
            "messageTitle": "reverted to CheckStyle version 8.23.  8.29 was causing some issues.",
            "messageBody": "",
            "fileTypesAndContributionMap": {
              "functional-code": {
                "insertions": 6,
                "deletions": 6
              },
              "other": {
                "insertions": 1,
                "deletions": 1
              }
            }
          }
        ]
      },
      {
        "date": "2020-10-23",
        "commitResults": [
          {
            "hash": "374f09f25a22521dc873a0f1fb66e322d54d75d2",
            "messageTitle": "Added Classes and changes to be able to load from and save to text files",
            "messageBody": "",
            "fileTypesAndContributionMap": {
              "functional-code": {
                "insertions": 189,
                "deletions": 0
              }
            }
          },
          {
            "hash": "f987c7c509a6bfb8a63086091c58cab5ed963f03",
            "messageTitle": "Made changes to error message",
            "messageBody": "",
            "fileTypesAndContributionMap": {
              "functional-code": {
                "insertions": 1,
                "deletions": 1
              }
            }
          },
          {
            "hash": "41d5b3f70c60dc97da3197d9ad74ea8fd56ebed5",
            "messageTitle": "Added the text files to load tasks",
            "messageBody": "",
            "fileTypesAndContributionMap": {
              "other": {
                "insertions": 3,
                "deletions": 0
              }
            }
          },
          {
            "hash": "f5122366d2dcec7185c21d4fa1e60fe17fac8f11",
            "messageTitle": "made changes to handle file not found exception",
            "messageBody": "",
            "fileTypesAndContributionMap": {
              "functional-code": {
                "insertions": 3,
                "deletions": 6
              }
            }
          },
          {
            "hash": "f8937eda790f6ab25837c16884583dfcc2942a22",
            "messageTitle": "Made formatting changes to pass CheckStyle",
            "messageBody": "",
            "fileTypesAndContributionMap": {
              "functional-code": {
                "insertions": 1,
                "deletions": 1
              }
            }
          }
        ]
      },
      {
        "date": "2020-10-25",
        "commitResults": [
          {
            "hash": "5e26860056abdd49edc7609c4c70a7d3489037f1",
            "messageTitle": "Update UserGuide.md",
            "messageBody": "edited formatting.",
            "fileTypesAndContributionMap": {
              "docs": {
                "insertions": 1,
                "deletions": 1
              }
            }
          }
        ]
      }
    ],
    "pigoliver": [
      {
        "date": "2020-09-19",
        "commitResults": [
          {
            "hash": "d5ffa1871c711b6e621b31247524dab7bc471d73",
            "messageTitle": "Completed Parser Class and ADD case.",
            "messageBody": "",
            "fileTypesAndContributionMap": {
              "functional-code": {
                "insertions": 137,
                "deletions": 7
              }
            }
          },
          {
            "hash": "834331706779d78e0f86017d7bdd347dda0d2576",
            "messageTitle": "Edit build.gradle to handle change of package and main class name",
            "messageBody": "",
            "fileTypesAndContributionMap": {
              "other": {
                "insertions": 2,
                "deletions": 2
              }
            }
          },
          {
            "hash": "4ec5f70b88f47657be89f31b9bf2a979f3c7e98d",
            "messageTitle": "Edit checkstyle.xml and build.gradle to handle error",
            "messageBody": "",
            "fileTypesAndContributionMap": {
              "other": {
                "insertions": 5,
                "deletions": 1
              }
            }
          },
          {
            "hash": "44dbb3f58e1bbcc45aae03147cfbc80dd8ce9c3d",
            "messageTitle": "Revert \"Edit checkstyle.xml and build.gradle to handle error\"",
            "messageBody": "This reverts commit 4ec5f70b88f47657be89f31b9bf2a979f3c7e98d.\n",
            "fileTypesAndContributionMap": {
              "other": {
                "insertions": 1,
                "deletions": 5
              }
            }
          },
          {
            "hash": "49a6c17d54dc330849e54120f23647ea5c18f5c3",
            "messageTitle": "Edit coding patterns to follow gradle rules",
            "messageBody": "",
            "fileTypesAndContributionMap": {
              "functional-code": {
                "insertions": 110,
                "deletions": 95
              },
              "other": {
                "insertions": 2,
                "deletions": 2
              }
            }
          },
          {
            "hash": "5648b4ec9deee333b297e365409287eb113db170",
            "messageTitle": "Edit coding patterns to follow gradle rules",
            "messageBody": "",
            "fileTypesAndContributionMap": {
              "functional-code": {
                "insertions": 6,
                "deletions": 6
              }
            }
          },
          {
            "hash": "ff0fd2e311ad0b78fcbfdbbd584f34827fe6a89d",
            "messageTitle": "Edit coding patterns to follow gradle rules",
            "messageBody": "",
            "fileTypesAndContributionMap": {
              "functional-code": {
                "insertions": 13,
                "deletions": 2
              }
            }
          },
          {
            "hash": "75967ed0f87abb61582485b4d302c2e8a27a1196",
            "messageTitle": "Edit coding patterns to follow gradle rules",
            "messageBody": "",
            "fileTypesAndContributionMap": {
              "functional-code": {
                "insertions": 1,
                "deletions": 1
              }
            }
          },
          {
            "hash": "815463761d8e67596b998be079f270f55d3c91de",
            "messageTitle": "Edit coding patterns to follow gradle rules",
            "messageBody": "",
            "fileTypesAndContributionMap": {
              "functional-code": {
                "insertions": 23,
                "deletions": 7
              }
            }
          },
          {
            "hash": "6dec1e3d66fc4ed270d2e022da56adb914020bd0",
            "messageTitle": "Edit coding patterns to follow gradle rules",
            "messageBody": "",
            "fileTypesAndContributionMap": {
              "functional-code": {
                "insertions": 5,
                "deletions": 1
              },
              "other": {
                "insertions": 2,
                "deletions": 1
              }
            }
          },
          {
            "hash": "bee2a0704c03b1bdee332a3bbeac4002ece9bb1d",
            "messageTitle": "Edit coding patterns to follow gradle rules",
            "messageBody": "",
            "fileTypesAndContributionMap": {
              "functional-code": {
                "insertions": 3,
                "deletions": 3
              }
            }
          },
          {
            "hash": "1afdca676090483c587ce2e9da43385a63898bc4",
            "messageTitle": "Edit coding patterns to follow gradle rules",
            "messageBody": "",
            "fileTypesAndContributionMap": {
              "functional-code": {
                "insertions": 1,
                "deletions": 1
              }
            }
          }
        ]
      },
      {
        "date": "2020-10-02",
        "commitResults": [
          {
            "hash": "54d7b749a34a0ad51c9ab0499152bdeb4303e910",
            "messageTitle": "Add JUnit Test for Parser Class",
            "messageBody": "",
            "fileTypesAndContributionMap": {
              "test-code": {
                "insertions": 40,
                "deletions": 0
              }
            }
          }
        ]
      },
      {
        "date": "2020-10-09",
        "commitResults": [
          {
            "hash": "bc72fa8d84fc3f29dd0a261832854aef96144bc6",
            "messageTitle": "Add Skeleton for Assertion, Exception, and Logger",
            "messageBody": "",
            "fileTypesAndContributionMap": {
              "functional-code": {
                "insertions": 7,
                "deletions": 0
              },
              "other": {
                "insertions": 2,
                "deletions": 1
              }
            }
          }
        ]
      },
      {
        "date": "2020-10-11",
        "commitResults": [
          {
            "hash": "3d46756d1e18fec400ed53cec40ae04b3c0e78df",
            "messageTitle": "Add assertion, Exception, and Logger for Parser Class and ADD command",
            "messageBody": "",
            "fileTypesAndContributionMap": {
              "functional-code": {
                "insertions": 67,
                "deletions": 16
              },
              "test-code": {
                "insertions": 3,
                "deletions": 3
              }
            }
          },
          {
            "hash": "ce6dc24248c885aece07bb89fee660b7b0904669",
            "messageTitle": "Update ItLogger.java",
            "messageBody": "There is a conflict in parseIndex() in VIEW part after my editing, and it has been resolved",
            "fileTypesAndContributionMap": {
              "functional-code": {
                "insertions": 1,
                "deletions": 1
              }
            }
          },
          {
            "hash": "1965ef1137151347542cf6541ef37d2354d530bd",
            "messageTitle": "Update ViewFunctionTest.java",
            "messageBody": "Resolve conflict after changing parseIndex() function",
            "fileTypesAndContributionMap": {
              "test-code": {
                "insertions": 3,
                "deletions": 3
              }
            }
          },
          {
            "hash": "8f585fe8f6087cca099d6515175da284ffe81aaa",
            "messageTitle": "Update ViewFunctionTest.java",
            "messageBody": "Resolve conflict caused by editing parseIndex() method.",
            "fileTypesAndContributionMap": {
              "test-code": {
                "insertions": 1,
                "deletions": 1
              }
            }
          }
        ]
      },
      {
        "date": "2020-10-14",
        "commitResults": [
          {
            "hash": "abb924210f9b009047298579fc4eb6a804c251b4",
            "messageTitle": "Update ItLogger.java",
            "messageBody": "Try to resolve conflict in Delete part. Also did minor edition in line 145 to reuse indexDeletion variable",
            "fileTypesAndContributionMap": {
              "functional-code": {
                "insertions": 2,
                "deletions": 2
              }
            }
          },
          {
            "hash": "42741c8c23687db3ee2d7faf876d72eb74c11edf",
            "messageTitle": "Create jar file and set java version from 13 back to 11",
            "messageBody": "",
            "fileTypesAndContributionMap": {
              "other": {
                "insertions": 5,
                "deletions": 0
              }
            }
          }
        ]
      },
      {
        "date": "2020-10-18",
        "commitResults": [
          {
            "hash": "f8ee1b3f47d9ea3b06f32617913d17c57c990f0a",
            "messageTitle": "Update DeveloperGuide.md",
            "messageBody": "Update Developer\u0027s Guide for Week 10",
            "fileTypesAndContributionMap": {
              "docs": {
                "insertions": 29,
                "deletions": 9
              }
            }
          }
        ]
      },
      {
        "date": "2020-10-21",
        "commitResults": [
          {
            "hash": "0fc3a5e0a040de0bb100b3c7bb21e5b1c070a28a",
            "messageTitle": "Created the basic help command",
            "messageBody": "",
            "fileTypesAndContributionMap": {
              "functional-code": {
                "insertions": 26,
                "deletions": 7
              },
              "other": {
                "insertions": 38,
                "deletions": 0
              }
            }
          }
        ]
      },
      {
        "date": "2020-10-25",
        "commitResults": [
          {
            "hash": "2aa0b12300f3f743ca0b8a8c6412a8d59d12f1e9",
            "messageTitle": "Team Draft for UG",
            "messageBody": "",
            "fileTypesAndContributionMap": {
              "docs": {
                "insertions": 32,
                "deletions": 17
              }
            }
          }
        ]
      },
      {
        "date": "2020-10-29",
        "commitResults": [
          {
            "hash": "9304ee54a2a41a6b796fff34e7a80409c91fb311",
            "messageTitle": "Modified List function to support sorting according to severity, deadline or date raised.",
            "messageBody": "",
            "fileTypesAndContributionMap": {
              "functional-code": {
                "insertions": 139,
                "deletions": 6
              },
              "other": {
                "insertions": 2,
                "deletions": 1
              }
            }
          }
        ]
      },
      {
        "date": "2020-10-30",
        "commitResults": [
          {
            "hash": "7dc0907de03c145ad2deef54767978ad3ed23c13",
            "messageTitle": "Update UserGuide.md",
            "messageBody": "",
            "fileTypesAndContributionMap": {
              "docs": {
                "insertions": 2,
                "deletions": 2
              }
            }
          },
          {
            "hash": "15f8e1794bb80b9576f9494fbc4ba25aa947eec4",
            "messageTitle": "Update help.txt",
            "messageBody": "Update helper information for search and enhanced list with sorting command.",
            "fileTypesAndContributionMap": {
              "other": {
                "insertions": 33,
                "deletions": 1
              }
            }
          },
          {
            "hash": "c87e986f15327ccfb0a5e8479b3d730db2cea603",
            "messageTitle": "Modified Help Command to make it work in jar file.",
            "messageBody": "",
            "fileTypesAndContributionMap": {
              "functional-code": {
                "insertions": 76,
                "deletions": 12
              }
            }
          },
          {
            "hash": "4e7825e629199096b65514e87253bfd7886f3279",
            "messageTitle": "Update ItLogger.java",
            "messageBody": "",
            "fileTypesAndContributionMap": {
              "functional-code": {
                "insertions": 1,
                "deletions": 2
              }
            }
          }
        ]
      },
      {
        "date": "2020-11-06",
        "commitResults": [
          {
            "hash": "37b033b4a89b35dea3525e580aee141232436e8f",
            "messageTitle": "Update DeveloperGuide.md",
            "messageBody": "Updated DG in UI component and search portion of FINDER component.",
            "fileTypesAndContributionMap": {
              "docs": {
                "insertions": 10,
                "deletions": 2
              }
            }
          },
          {
            "hash": "60576918d0670e42cdc7e9309abd5a87794a3fe1",
            "messageTitle": "Create pigoliver.md",
            "messageBody": "Draft PPP for Jiancheng",
            "fileTypesAndContributionMap": {
              "docs": {
                "insertions": 17,
                "deletions": 0
              }
            }
          }
        ]
      }
    ]
  },
  "authorFileTypeContributionMap": {
    "ZhengShijieNUS": {
      "docs": 89,
      "functional-code": 119,
      "test-code": 103,
      "other": 1
    },
    "tototto": {
      "docs": 118,
      "functional-code": 456,
      "test-code": 88
    },
    "JanuariusJang": {
      "docs": 1,
      "functional-code": 203,
      "test-code": 45,
      "other": 2
    },
    "pigoliver": {
      "docs": 73,
      "functional-code": 522,
      "test-code": 45,
      "other": 81
    }
  },
  "authorContributionVariance": {
    "ZhengShijieNUS": 384.4544,
    "tototto": 1883.1735,
    "JanuariusJang": 517.4279,
    "pigoliver": 2753.7878
  },
  "authorDisplayNameMap": {
    "ZhengShijieNUS": "TIC4001-3 ZHEN..IJIE",
    "tototto": "TIC4001-3 TAY .. WEN",
    "JanuariusJang": "TIC4001-3 JANU.. LIM",
    "pigoliver": "TIC4001-3 HONG..HENG"
  }
}
