{
  "authorDailyContributionsMap": {
    "ZhengShijieNUS": [
      {
        "date": "2020-09-20",
        "commitResults": [
          {
            "hash": "21ce2a47c9282ffb1a996bd033cc6d9d2575f1e6",
            "messageTitle": "add VIEW function",
            "messageBody": "",
            "fileTypesAndContributionMap": {
              "functional-code": {
                "insertions": 9,
                "deletions": 0
              }
            }
          }
        ]
      },
      {
        "date": "2020-10-11",
        "commitResults": [
          {
            "hash": "85189ef342647df91c30e0a08949a34b38895737",
            "messageTitle": "add Junit test for Defect class Using SimpleDateFormat(\"MMM dd yyyy\",Locale.ENGLISH) to force converting in English format date",
            "messageBody": "",
            "fileTypesAndContributionMap": {
              "functional-code": {
                "insertions": 4,
                "deletions": 2
              },
              "test-code": {
                "insertions": 13,
                "deletions": 0
              }
            }
          },
          {
            "hash": "203d49949c609553ba0c918c0b50a4dc07452db2",
            "messageTitle": "add ViewFuncionTest, add exception for view, add view exception test.",
            "messageBody": "",
            "fileTypesAndContributionMap": {
              "functional-code": {
                "insertions": 3,
                "deletions": 0
              },
              "test-code": {
                "insertions": 85,
                "deletions": 0
              }
            }
          },
          {
            "hash": "fb5b12ee2befc620d9e12623687ab49feb097851",
            "messageTitle": "add assert and log info to view",
            "messageBody": "",
            "fileTypesAndContributionMap": {
              "functional-code": {
                "insertions": 7,
                "deletions": 1
              },
              "test-code": {
                "insertions": 0,
                "deletions": 1
              }
            }
          },
          {
            "hash": "e82b5f42daf9987414ee954352afdf03b61f2b05",
            "messageTitle": "changing style of code",
            "messageBody": "",
            "fileTypesAndContributionMap": {
              "functional-code": {
                "insertions": 3,
                "deletions": 2
              },
              "test-code": {
                "insertions": 16,
                "deletions": 6
              }
            }
          }
        ]
      },
      {
        "date": "2020-10-18",
        "commitResults": [
          {
            "hash": "c4e555be94fd14826a95a7ca6b27296335a5f3db",
            "messageTitle": "add update function",
            "messageBody": "",
            "fileTypesAndContributionMap": {
              "functional-code": {
                "insertions": 107,
                "deletions": 0
              }
            }
          }
        ]
      }
    ],
    "tototto": [
      {
        "date": "2020-09-18",
        "commitResults": [
          {
            "hash": "b65899ff0a7165e381ded6c355798f498e82076b",
            "messageTitle": "Built IT Logger skeleton with Team",
            "messageBody": "",
            "fileTypesAndContributionMap": {
              "functional-code": {
                "insertions": 152,
                "deletions": 21
              },
              "other": {
                "insertions": 2,
                "deletions": 2
              }
            }
          }
        ]
      },
      {
        "date": "2020-09-19",
        "commitResults": [
          {
            "hash": "9d00a110b88a362652d5f13468712deefadd6579",
            "messageTitle": "open import project as Gradel project",
            "messageBody": "",
            "fileTypesAndContributionMap": {
              "test-code": {
                "insertions": 1,
                "deletions": 0
              }
            }
          }
        ]
      },
      {
        "date": "2020-09-21",
        "commitResults": [
          {
            "hash": "c63424ed45bcd9d3c94ed1c1d18f6a95395e4cde",
            "messageTitle": "Added functionality to display all the Defect (issue lists)",
            "messageBody": "",
            "fileTypesAndContributionMap": {
              "functional-code": {
                "insertions": 25,
                "deletions": 2
              }
            }
          }
        ]
      },
      {
        "date": "2020-10-03",
        "commitResults": [
          {
            "hash": "9b3afc918f4a245cb6c274902c1b6c788aa2481c",
            "messageTitle": "completed JUnit Automation TestScript for IssueList class.",
            "messageBody": "",
            "fileTypesAndContributionMap": {
              "functional-code": {
                "insertions": 1,
                "deletions": 0
              },
              "test-code": {
                "insertions": 56,
                "deletions": 0
              }
            }
          }
        ]
      },
      {
        "date": "2020-10-10",
        "commitResults": [
          {
            "hash": "07f0292ec1e4d5b26d64c9aa9edeadcbdd7a8a19",
            "messageTitle": "fixed damaged local copy",
            "messageBody": "",
            "fileTypesAndContributionMap": {
              "functional-code": {
                "insertions": 11,
                "deletions": 14
              },
              "test-code": {
                "insertions": 1,
                "deletions": 1
              }
            }
          },
          {
            "hash": "de1910def1cee26c6e9b6bd105329aaec59bdc28",
            "messageTitle": "fixed further damage",
            "messageBody": "",
            "fileTypesAndContributionMap": {
              "functional-code": {
                "insertions": 13,
                "deletions": 2
              }
            }
          },
          {
            "hash": "519561f1a66b67721c61f373a4137c57cf4285cc",
            "messageTitle": "completed tP JW-Code-Defensiveness",
            "messageBody": "",
            "fileTypesAndContributionMap": {
              "functional-code": {
                "insertions": 170,
                "deletions": 15
              }
            }
          }
        ]
      },
      {
        "date": "2020-10-11",
        "commitResults": [
          {
            "hash": "c6a18c1af253eb74406b393e2388395ff6fbdb81",
            "messageTitle": "made further updates to branch",
            "messageBody": "",
            "fileTypesAndContributionMap": {
              "test-code": {
                "insertions": 30,
                "deletions": 0
              }
            }
          },
          {
            "hash": "368c4da2d07d7abc0507cfe5b2898a09e90baaa4",
            "messageTitle": "fixed checkstyle for wildcard import for issueList.java",
            "messageBody": "",
            "fileTypesAndContributionMap": {
              "functional-code": {
                "insertions": 5,
                "deletions": 1
              }
            }
          }
        ]
      },
      {
        "date": "2020-10-18",
        "commitResults": [
          {
            "hash": "32dacb129418b130266190c40f7a3a27bf588d22",
            "messageTitle": "remove console logger from default logger",
            "messageBody": "",
            "fileTypesAndContributionMap": {
              "functional-code": {
                "insertions": 40,
                "deletions": 25
              }
            }
          },
          {
            "hash": "8c0587b1530e42149cef7acbc86a0f63f43234a6",
            "messageTitle": "fixed checkstyle issue",
            "messageBody": "",
            "fileTypesAndContributionMap": {
              "functional-code": {
                "insertions": 23,
                "deletions": 3
              }
            }
          },
          {
            "hash": "f40a93ce27b4b8d7e35fc583949aaae65c801d4b",
            "messageTitle": "created Search functionality to search by title, status, severity, deadline, owner",
            "messageBody": "",
            "fileTypesAndContributionMap": {
              "functional-code": {
                "insertions": 151,
                "deletions": 0
              }
            }
          },
          {
            "hash": "94b4bf0a104348254a081b8cae700a979257d3d0",
            "messageTitle": "fixed checkstyle",
            "messageBody": "",
            "fileTypesAndContributionMap": {
              "functional-code": {
                "insertions": 5,
                "deletions": 1
              }
            }
          },
          {
            "hash": "ce2a655af5884e6133ed3bb8e3a38b1ffef33330",
            "messageTitle": "Update Defect.java",
            "messageBody": "removed duplicatE",
            "fileTypesAndContributionMap": {
              "functional-code": {
                "insertions": 0,
                "deletions": 23
              }
            }
          }
        ]
      }
    ],
    "JanuariusJang": [
      {
        "date": "2020-09-26",
        "commitResults": [
          {
            "hash": "ed76104e3a9ecf17bb6d5dd570e5454547628632",
            "messageTitle": "Added the Delete function.",
            "messageBody": "",
            "fileTypesAndContributionMap": {
              "functional-code": {
                "insertions": 5,
                "deletions": 0
              }
            }
          }
        ]
      },
      {
        "date": "2020-10-02",
        "commitResults": [
          {
            "hash": "4eb0124e280b6459cb1bb5c647fa13c0358e636b",
            "messageTitle": "Added the getSize() method as I needed this for my JUnit Testing. Added DeteleFunctionTest class for JUnit testing",
            "messageBody": "",
            "fileTypesAndContributionMap": {
              "functional-code": {
                "insertions": 2,
                "deletions": 0
              },
              "test-code": {
                "insertions": 46,
                "deletions": 0
              }
            }
          },
          {
            "hash": "3dce1bfa9617467e36c92e2e925a17018a5e47ab",
            "messageTitle": "changed the spacing as it failed the CheckStyle",
            "messageBody": "",
            "fileTypesAndContributionMap": {
              "test-code": {
                "insertions": 3,
                "deletions": 0
              }
            }
          },
          {
            "hash": "fdb7937da79774d3cde25c746de311846eef16c2",
            "messageTitle": "changed spacing to pass CheckStyle",
            "messageBody": "",
            "fileTypesAndContributionMap": {
              "functional-code": {
                "insertions": 4,
                "deletions": 1
              }
            }
          },
          {
            "hash": "6d9b7bbf2ef46a8b0229b8b8e2e164fe2002aea1",
            "messageTitle": "removed unused changes",
            "messageBody": "",
            "fileTypesAndContributionMap": {
              "test-code": {
                "insertions": 0,
                "deletions": 2
              }
            }
          },
          {
            "hash": "53a019b765b951b6fd715492e8550e6e6d946aa1",
            "messageTitle": "Removed space to pass CheckStyle",
            "messageBody": "",
            "fileTypesAndContributionMap": {
              "functional-code": {
                "insertions": 1,
                "deletions": 2
              }
            }
          }
        ]
      },
      {
        "date": "2020-10-03",
        "commitResults": [
          {
            "hash": "b8b5ba2f435da478e84104cec3fb2e4ec52e4f43",
            "messageTitle": "made Styling changes",
            "messageBody": "",
            "fileTypesAndContributionMap": {
              "test-code": {
                "insertions": 11,
                "deletions": 13
              }
            }
          }
        ]
      },
      {
        "date": "2020-10-09",
        "commitResults": [
          {
            "hash": "f068010de6391613248f51109ce167c075e6bf20",
            "messageTitle": "made formatting changes to pass gradle testing",
            "messageBody": "",
            "fileTypesAndContributionMap": {
              "test-code": {
                "insertions": 9,
                "deletions": 8
              }
            }
          }
        ]
      },
      {
        "date": "2020-10-13",
        "commitResults": [
          {
            "hash": "ae0685e262ec27ccc4733c152c96b980987f75b5",
            "messageTitle": "updated version of my Checkstyle",
            "messageBody": "",
            "fileTypesAndContributionMap": {
              "other": {
                "insertions": 1,
                "deletions": 1
              }
            }
          }
        ]
      },
      {
        "date": "2020-10-14",
        "commitResults": [
          {
            "hash": "28a6c1ddd03a0e4ad6dea1c1a810030452af2409",
            "messageTitle": "Added Logging, Assertions and Exceptions",
            "messageBody": "",
            "fileTypesAndContributionMap": {
              "functional-code": {
                "insertions": 10,
                "deletions": 0
              }
            }
          },
          {
            "hash": "ad290299fc942166059e30c2fc63869748320be1",
            "messageTitle": "Changed formatting to pass CheckStyle",
            "messageBody": "",
            "fileTypesAndContributionMap": {
              "functional-code": {
                "insertions": 2,
                "deletions": 1
              }
            }
          },
          {
            "hash": "0d73702bef872e4b1a2832471f23caed92de7cf8",
            "messageTitle": "reverted to CheckStyle version 8.23.  8.29 was causing some issues.",
            "messageBody": "",
            "fileTypesAndContributionMap": {
              "functional-code": {
                "insertions": 6,
                "deletions": 6
              },
              "other": {
                "insertions": 1,
                "deletions": 1
              }
            }
          }
        ]
      },
      {
        "date": "2020-10-23",
        "commitResults": [
          {
            "hash": "374f09f25a22521dc873a0f1fb66e322d54d75d2",
            "messageTitle": "Added Classes and changes to be able to load from and save to text files",
            "messageBody": "",
            "fileTypesAndContributionMap": {
              "functional-code": {
                "insertions": 189,
                "deletions": 0
              }
            }
          },
          {
            "hash": "f987c7c509a6bfb8a63086091c58cab5ed963f03",
            "messageTitle": "Made changes to error message",
            "messageBody": "",
            "fileTypesAndContributionMap": {
              "functional-code": {
                "insertions": 1,
                "deletions": 1
              }
            }
          },
          {
            "hash": "41d5b3f70c60dc97da3197d9ad74ea8fd56ebed5",
            "messageTitle": "Added the text files to load tasks",
            "messageBody": "",
            "fileTypesAndContributionMap": {
              "other": {
                "insertions": 3,
                "deletions": 0
              }
            }
          },
          {
            "hash": "f5122366d2dcec7185c21d4fa1e60fe17fac8f11",
            "messageTitle": "made changes to handle file not found exception",
            "messageBody": "",
            "fileTypesAndContributionMap": {
              "functional-code": {
                "insertions": 3,
                "deletions": 6
              }
            }
          },
          {
            "hash": "f8937eda790f6ab25837c16884583dfcc2942a22",
            "messageTitle": "Made formatting changes to pass CheckStyle",
            "messageBody": "",
            "fileTypesAndContributionMap": {
              "functional-code": {
                "insertions": 1,
                "deletions": 1
              }
            }
          }
        ]
      }
    ],
    "pigoliver": [
      {
        "date": "2020-09-19",
        "commitResults": [
          {
            "hash": "d5ffa1871c711b6e621b31247524dab7bc471d73",
            "messageTitle": "Completed Parser Class and ADD case.",
            "messageBody": "",
            "fileTypesAndContributionMap": {
              "functional-code": {
                "insertions": 137,
                "deletions": 7
              }
            }
          },
          {
            "hash": "834331706779d78e0f86017d7bdd347dda0d2576",
            "messageTitle": "Edit build.gradle to handle change of package and main class name",
            "messageBody": "",
            "fileTypesAndContributionMap": {
              "other": {
                "insertions": 2,
                "deletions": 2
              }
            }
          },
          {
            "hash": "4ec5f70b88f47657be89f31b9bf2a979f3c7e98d",
            "messageTitle": "Edit checkstyle.xml and build.gradle to handle error",
            "messageBody": "",
            "fileTypesAndContributionMap": {
              "other": {
                "insertions": 5,
                "deletions": 1
              }
            }
          },
          {
            "hash": "44dbb3f58e1bbcc45aae03147cfbc80dd8ce9c3d",
            "messageTitle": "Revert \"Edit checkstyle.xml and build.gradle to handle error\"",
            "messageBody": "This reverts commit 4ec5f70b88f47657be89f31b9bf2a979f3c7e98d.\n",
            "fileTypesAndContributionMap": {
              "other": {
                "insertions": 1,
                "deletions": 5
              }
            }
          },
          {
            "hash": "49a6c17d54dc330849e54120f23647ea5c18f5c3",
            "messageTitle": "Edit coding patterns to follow gradle rules",
            "messageBody": "",
            "fileTypesAndContributionMap": {
              "functional-code": {
                "insertions": 110,
                "deletions": 95
              },
              "other": {
                "insertions": 2,
                "deletions": 2
              }
            }
          },
          {
            "hash": "5648b4ec9deee333b297e365409287eb113db170",
            "messageTitle": "Edit coding patterns to follow gradle rules",
            "messageBody": "",
            "fileTypesAndContributionMap": {
              "functional-code": {
                "insertions": 6,
                "deletions": 6
              }
            }
          },
          {
            "hash": "ff0fd2e311ad0b78fcbfdbbd584f34827fe6a89d",
            "messageTitle": "Edit coding patterns to follow gradle rules",
            "messageBody": "",
            "fileTypesAndContributionMap": {
              "functional-code": {
                "insertions": 13,
                "deletions": 2
              }
            }
          },
          {
            "hash": "75967ed0f87abb61582485b4d302c2e8a27a1196",
            "messageTitle": "Edit coding patterns to follow gradle rules",
            "messageBody": "",
            "fileTypesAndContributionMap": {
              "functional-code": {
                "insertions": 1,
                "deletions": 1
              }
            }
          },
          {
            "hash": "815463761d8e67596b998be079f270f55d3c91de",
            "messageTitle": "Edit coding patterns to follow gradle rules",
            "messageBody": "",
            "fileTypesAndContributionMap": {
              "functional-code": {
                "insertions": 23,
                "deletions": 7
              }
            }
          },
          {
            "hash": "6dec1e3d66fc4ed270d2e022da56adb914020bd0",
            "messageTitle": "Edit coding patterns to follow gradle rules",
            "messageBody": "",
            "fileTypesAndContributionMap": {
              "functional-code": {
                "insertions": 5,
                "deletions": 1
              },
              "other": {
                "insertions": 2,
                "deletions": 1
              }
            }
          },
          {
            "hash": "bee2a0704c03b1bdee332a3bbeac4002ece9bb1d",
            "messageTitle": "Edit coding patterns to follow gradle rules",
            "messageBody": "",
            "fileTypesAndContributionMap": {
              "functional-code": {
                "insertions": 3,
                "deletions": 3
              }
            }
          },
          {
            "hash": "1afdca676090483c587ce2e9da43385a63898bc4",
            "messageTitle": "Edit coding patterns to follow gradle rules",
            "messageBody": "",
            "fileTypesAndContributionMap": {
              "functional-code": {
                "insertions": 1,
                "deletions": 1
              }
            }
          }
        ]
      },
      {
        "date": "2020-10-02",
        "commitResults": [
          {
            "hash": "54d7b749a34a0ad51c9ab0499152bdeb4303e910",
            "messageTitle": "Add JUnit Test for Parser Class",
            "messageBody": "",
            "fileTypesAndContributionMap": {
              "test-code": {
                "insertions": 40,
                "deletions": 0
              }
            }
          }
        ]
      },
      {
        "date": "2020-10-09",
        "commitResults": [
          {
            "hash": "bc72fa8d84fc3f29dd0a261832854aef96144bc6",
            "messageTitle": "Add Skeleton for Assertion, Exception, and Logger",
            "messageBody": "",
            "fileTypesAndContributionMap": {
              "functional-code": {
                "insertions": 7,
                "deletions": 0
              },
              "other": {
                "insertions": 2,
                "deletions": 1
              }
            }
          }
        ]
      },
      {
        "date": "2020-10-11",
        "commitResults": [
          {
            "hash": "3d46756d1e18fec400ed53cec40ae04b3c0e78df",
            "messageTitle": "Add assertion, Exception, and Logger for Parser Class and ADD command",
            "messageBody": "",
            "fileTypesAndContributionMap": {
              "functional-code": {
                "insertions": 67,
                "deletions": 16
              },
              "test-code": {
                "insertions": 3,
                "deletions": 3
              }
            }
          },
          {
            "hash": "ce6dc24248c885aece07bb89fee660b7b0904669",
            "messageTitle": "Update ItLogger.java",
            "messageBody": "There is a conflict in parseIndex() in VIEW part after my editing, and it has been resolved",
            "fileTypesAndContributionMap": {
              "functional-code": {
                "insertions": 1,
                "deletions": 1
              }
            }
          },
          {
            "hash": "1965ef1137151347542cf6541ef37d2354d530bd",
            "messageTitle": "Update ViewFunctionTest.java",
            "messageBody": "Resolve conflict after changing parseIndex() function",
            "fileTypesAndContributionMap": {
              "test-code": {
                "insertions": 3,
                "deletions": 3
              }
            }
          },
          {
            "hash": "8f585fe8f6087cca099d6515175da284ffe81aaa",
            "messageTitle": "Update ViewFunctionTest.java",
            "messageBody": "Resolve conflict caused by editing parseIndex() method.",
            "fileTypesAndContributionMap": {
              "test-code": {
                "insertions": 1,
                "deletions": 1
              }
            }
          }
        ]
      },
      {
        "date": "2020-10-14",
        "commitResults": [
          {
            "hash": "abb924210f9b009047298579fc4eb6a804c251b4",
            "messageTitle": "Update ItLogger.java",
            "messageBody": "Try to resolve conflict in Delete part. Also did minor edition in line 145 to reuse indexDeletion variable",
            "fileTypesAndContributionMap": {
              "functional-code": {
                "insertions": 2,
                "deletions": 2
              }
            }
          },
          {
            "hash": "42741c8c23687db3ee2d7faf876d72eb74c11edf",
            "messageTitle": "Create jar file and set java version from 13 back to 11",
            "messageBody": "",
            "fileTypesAndContributionMap": {
              "other": {
                "insertions": 5,
                "deletions": 0
              }
            }
          }
        ]
      },
      {
        "date": "2020-10-18",
        "commitResults": [
          {
            "hash": "f8ee1b3f47d9ea3b06f32617913d17c57c990f0a",
            "messageTitle": "Update DeveloperGuide.md",
            "messageBody": "Update Developer\u0027s Guide for Week 10",
            "fileTypesAndContributionMap": {
              "docs": {
                "insertions": 29,
                "deletions": 9
              }
            }
          }
        ]
      },
      {
        "date": "2020-10-21",
        "commitResults": [
          {
            "hash": "0fc3a5e0a040de0bb100b3c7bb21e5b1c070a28a",
            "messageTitle": "Created the basic help command",
            "messageBody": "",
            "fileTypesAndContributionMap": {
              "functional-code": {
                "insertions": 26,
                "deletions": 7
              },
              "other": {
                "insertions": 38,
                "deletions": 0
              }
            }
          }
        ]
      }
    ]
  },
  "authorFileTypeContributionMap": {
    "ZhengShijieNUS": {
      "docs": 0,
      "functional-code": 120,
      "test-code": 103
    },
    "tototto": {
      "docs": 0,
      "functional-code": 462,
      "test-code": 88
    },
    "JanuariusJang": {
      "docs": 0,
      "functional-code": 204,
      "test-code": 45,
      "other": 3
    },
    "pigoliver": {
      "docs": 28,
      "functional-code": 318,
      "test-code": 45,
      "other": 47
    }
  },
  "authorContributionVariance": {
    "ZhengShijieNUS": 437.1013,
    "tototto": 2149.9973,
    "JanuariusJang": 644.1019,
    "pigoliver": 2942.9846
  },
  "authorDisplayNameMap": {
    "ZhengShijieNUS": "TIC4001-3 ZHEN..IJIE",
    "tototto": "TIC4001-3 TAY .. WEN",
    "JanuariusJang": "TIC4001-3 JANU.. LIM",
    "pigoliver": "TIC4001-3 HONG..HENG"
  }
}
