{
  "authorDailyContributionsMap": {
    "daiweinus": [
      {
        "date": "2020-10-11",
        "commitResults": [
          {
            "hash": "abad9d67ee42ad3a8826ee984ff9433e4b54fb31",
            "messageTitle": "Fix add categories feature",
            "messageBody": "",
            "fileTypesAndContributionMap": {
              "functional-code": {
                "insertions": 164,
                "deletions": 44
              }
            }
          },
          {
            "hash": "eb3320fd477bd9208016b415a9a86e7a452f12d2",
            "messageTitle": "Fix add income categories",
            "messageBody": "",
            "fileTypesAndContributionMap": {
              "functional-code": {
                "insertions": 0,
                "deletions": 1
              }
            }
          },
          {
            "hash": "599d22c73b0a6cffa0abd710adfab2e0ac0f60bf",
            "messageTitle": "fix code style",
            "messageBody": "",
            "fileTypesAndContributionMap": {
              "functional-code": {
                "insertions": 2,
                "deletions": 2
              }
            }
          }
        ]
      },
      {
        "date": "2020-10-12",
        "commitResults": [
          {
            "hash": "2187cd492e0068f71755a74c4753e97f971a23f2",
            "messageTitle": "update some java document",
            "messageBody": "",
            "fileTypesAndContributionMap": {
              "functional-code": {
                "insertions": 74,
                "deletions": 2
              }
            }
          },
          {
            "hash": "b0fcd8f151cf348537e4f639a4430d938facca19",
            "messageTitle": "update report, exit and save features to userguide",
            "messageBody": "",
            "fileTypesAndContributionMap": {
              "docs": {
                "insertions": 37,
                "deletions": 0
              }
            }
          }
        ]
      },
      {
        "date": "2020-10-19",
        "commitResults": [
          {
            "hash": "b6cc9a8954470075f8f0a2369657d3d055fc685b",
            "messageTitle": "v2 add report",
            "messageBody": "",
            "fileTypesAndContributionMap": {
              "functional-code": {
                "insertions": 249,
                "deletions": 10
              }
            }
          },
          {
            "hash": "137b903893a6a780701b0bb1716eb20b62572631",
            "messageTitle": "fix report",
            "messageBody": "",
            "fileTypesAndContributionMap": {
              "functional-code": {
                "insertions": 30,
                "deletions": 15
              },
              "docs": {
                "insertions": 14,
                "deletions": 18
              }
            }
          }
        ]
      }
    ],
    "dgc5213": [
      {
        "date": "2020-10-08",
        "commitResults": [
          {
            "hash": "80fc7831f72e561b2667b995804a10a3e3a757f4",
            "messageTitle": "Add List round 1",
            "messageBody": "",
            "fileTypesAndContributionMap": {
              "functional-code": {
                "insertions": 63,
                "deletions": 0
              }
            }
          },
          {
            "hash": "1f8ff601e86389b3debedf9edfef8b633bbbb916",
            "messageTitle": "Add List Round1.1",
            "messageBody": "",
            "fileTypesAndContributionMap": {
              "functional-code": {
                "insertions": 3,
                "deletions": 0
              }
            }
          },
          {
            "hash": "4fb6e951ae95a81267607f131344c36c28ecd711",
            "messageTitle": "Add List Round1.2",
            "messageBody": "",
            "fileTypesAndContributionMap": {
              "functional-code": {
                "insertions": 1,
                "deletions": 15
              }
            }
          }
        ]
      },
      {
        "date": "2020-10-11",
        "commitResults": [
          {
            "hash": "6651ba70ee50f5734b8157593ec5c51179e38601",
            "messageTitle": "update master",
            "messageBody": "",
            "fileTypesAndContributionMap": {
              "functional-code": {
                "insertions": 330,
                "deletions": 25
              },
              "other": {
                "insertions": 1,
                "deletions": 0
              },
              "docs": {
                "insertions": 102,
                "deletions": 26
              }
            }
          },
          {
            "hash": "531f353a1b3121504874c79584631625f7acb6d9",
            "messageTitle": "Add branch-ListTwoByType",
            "messageBody": "",
            "fileTypesAndContributionMap": {
              "functional-code": {
                "insertions": 167,
                "deletions": 1
              },
              "test-code": {
                "insertions": 36,
                "deletions": 0
              }
            }
          },
          {
            "hash": "aacb2281bde4116d4a5ed82b0008874e51235e04",
            "messageTitle": "Add user guide one",
            "messageBody": "",
            "fileTypesAndContributionMap": {
              "functional-code": {
                "insertions": 4,
                "deletions": 4
              },
              "docs": {
                "insertions": 161,
                "deletions": 0
              }
            }
          }
        ]
      },
      {
        "date": "2020-10-12",
        "commitResults": [
          {
            "hash": "07de5a9c7a3c5a7c752028cc7e6b2453436188e7",
            "messageTitle": "update my master",
            "messageBody": "",
            "fileTypesAndContributionMap": {
              "functional-code": {
                "insertions": 353,
                "deletions": 197
              },
              "other": {
                "insertions": 1,
                "deletions": 1
              },
              "docs": {
                "insertions": 161,
                "deletions": 0
              },
              "test-code": {
                "insertions": 0,
                "deletions": 2
              }
            }
          },
          {
            "hash": "fc878c428c364a2ea10f188d529990be522118cc",
            "messageTitle": "update my master v2",
            "messageBody": "",
            "fileTypesAndContributionMap": {
              "functional-code": {
                "insertions": 110,
                "deletions": 0
              }
            }
          },
          {
            "hash": "6bc2f377433d61cedd385a19e48e7689800ed727",
            "messageTitle": "update my master v2",
            "messageBody": "",
            "fileTypesAndContributionMap": {
              "functional-code": {
                "insertions": 97,
                "deletions": 11
              }
            }
          },
          {
            "hash": "b9af5f584277fb76d4614da02671d64543e353ad",
            "messageTitle": "Add branch-List category",
            "messageBody": "",
            "fileTypesAndContributionMap": {
              "functional-code": {
                "insertions": 17,
                "deletions": 5
              }
            }
          },
          {
            "hash": "095d2c255150f4af3641392286d8c693acbcb099",
            "messageTitle": "Add User Guide version 2",
            "messageBody": "",
            "fileTypesAndContributionMap": {
              "docs": {
                "insertions": 149,
                "deletions": 120
              }
            }
          }
        ]
      },
      {
        "date": "2020-10-18",
        "commitResults": [
          {
            "hash": "077239b7371dbd8319d21500f809b7048a401d60",
            "messageTitle": "Add List Four by Category Details",
            "messageBody": "",
            "fileTypesAndContributionMap": {
              "functional-code": {
                "insertions": 296,
                "deletions": 29
              }
            }
          }
        ]
      },
      {
        "date": "2020-10-20",
        "commitResults": [
          {
            "hash": "892f8ac4578551651120dd33494a35dccbc8a402",
            "messageTitle": "To update",
            "messageBody": "",
            "fileTypesAndContributionMap": {
              "functional-code": {
                "insertions": 2,
                "deletions": 1
              }
            }
          }
        ]
      },
      {
        "date": "2020-10-21",
        "commitResults": [
          {
            "hash": "375e2a1a424f6bdbb479739b322cf89e73d064ae",
            "messageTitle": "Rewrite all List command functions. support multiple filters and conditions. Edit List User Guide",
            "messageBody": "",
            "fileTypesAndContributionMap": {
              "functional-code": {
                "insertions": 80,
                "deletions": 350
              },
              "docs": {
                "insertions": 25,
                "deletions": 3
              }
            }
          },
          {
            "hash": "c737a7ce30256a59f767d49a7b92683e77f087e7",
            "messageTitle": "Rewrite all List command functions v2. support multiple filters and conditions. Edit List User Guide",
            "messageBody": "",
            "fileTypesAndContributionMap": {
              "functional-code": {
                "insertions": 6,
                "deletions": 0
              }
            }
          },
          {
            "hash": "383e100bd0626788bec21f2c010f94589a6237a6",
            "messageTitle": "Rewrite all List command functions v2. support multiple filters and conditions. Edit List User Guide",
            "messageBody": "",
            "fileTypesAndContributionMap": {
              "functional-code": {
                "insertions": 1,
                "deletions": 1
              }
            }
          }
        ]
      }
    ],
    "e0260222": [
      {
        "date": "2020-10-02",
        "commitResults": [
          {
            "hash": "b5fcfc4d4ca02b6ae3255d3d0f3f1dbe2795ce5d",
            "messageTitle": "Add code skeleton",
            "messageBody": "",
            "fileTypesAndContributionMap": {
              "functional-code": {
                "insertions": 226,
                "deletions": 0
              },
              "other": {
                "insertions": 3,
                "deletions": 5
              }
            }
          }
        ]
      },
      {
        "date": "2020-10-03",
        "commitResults": [
          {
            "hash": "0c99ab6df6987de41dd1c59089bdaae9702b24fe",
            "messageTitle": "Complete code skeleton",
            "messageBody": "",
            "fileTypesAndContributionMap": {
              "functional-code": {
                "insertions": 505,
                "deletions": 191
              },
              "other": {
                "insertions": 18,
                "deletions": 18
              }
            }
          },
          {
            "hash": "a68f59380e00b50a80c0fea2ff31ea860a34ce40",
            "messageTitle": "Fix errors found by Gradle check",
            "messageBody": "",
            "fileTypesAndContributionMap": {
              "functional-code": {
                "insertions": 34,
                "deletions": 21
              }
            }
          },
          {
            "hash": "b0c41b3abb24f00e6eec0cbb7c05c79e4ee25d14",
            "messageTitle": "Fix WhitespaceAround problem found by Gradle check",
            "messageBody": "",
            "fileTypesAndContributionMap": {
              "functional-code": {
                "insertions": 1,
                "deletions": 1
              }
            }
          },
          {
            "hash": "9235b9ba18ae48cb4f87d8ee730ec143c9967e73",
            "messageTitle": "Add methods for Transaction class and its subclasses",
            "messageBody": "",
            "fileTypesAndContributionMap": {
              "functional-code": {
                "insertions": 104,
                "deletions": 1
              }
            }
          },
          {
            "hash": "9d88a1c1ca5ccc7be80e353d1171265ce2180ce9",
            "messageTitle": "Fix line exceeding 120 characters issue",
            "messageBody": "",
            "fileTypesAndContributionMap": {
              "functional-code": {
                "insertions": 2,
                "deletions": 1
              }
            }
          }
        ]
      },
      {
        "date": "2020-10-04",
        "commitResults": [
          {
            "hash": "b3cfd921df58f74cb1fe2168f83ebb010f576370",
            "messageTitle": "Override toString method for Income and Expense classes",
            "messageBody": "",
            "fileTypesAndContributionMap": {
              "functional-code": {
                "insertions": 19,
                "deletions": 0
              },
              "other": {
                "insertions": 1,
                "deletions": 1
              },
              "test-code": {
                "insertions": 40,
                "deletions": 0
              }
            }
          },
          {
            "hash": "cbc44960ac468dd8793f0669dd8aa6e78e8f5abb",
            "messageTitle": "Fix Gradle check failures",
            "messageBody": "",
            "fileTypesAndContributionMap": {
              "test-code": {
                "insertions": 2,
                "deletions": 2
              }
            }
          },
          {
            "hash": "50b5dc020a3913dc6658b92a7b73783507692793",
            "messageTitle": "TransactionList class: Add addTransaction, getTransaction and removeTransaction methods",
            "messageBody": "",
            "fileTypesAndContributionMap": {
              "functional-code": {
                "insertions": 36,
                "deletions": 1
              }
            }
          },
          {
            "hash": "66b1fee404d65ca10cc3d7ed08cdd15d295789a8",
            "messageTitle": "Fix Gradle check failure",
            "messageBody": "",
            "fileTypesAndContributionMap": {
              "functional-code": {
                "insertions": 1,
                "deletions": 1
              }
            }
          }
        ]
      },
      {
        "date": "2020-10-09",
        "commitResults": [
          {
            "hash": "00bc2a7afdf499141b561f5e053c7977eeb5618b",
            "messageTitle": "Add add income feature",
            "messageBody": "",
            "fileTypesAndContributionMap": {
              "functional-code": {
                "insertions": 76,
                "deletions": 7
              }
            }
          },
          {
            "hash": "4f5771d582dadbcd8d54e87a6a3050dc73a0bbe5",
            "messageTitle": "Add expense",
            "messageBody": "",
            "fileTypesAndContributionMap": {
              "functional-code": {
                "insertions": 92,
                "deletions": 37
              }
            }
          }
        ]
      },
      {
        "date": "2020-10-10",
        "commitResults": [
          {
            "hash": "2322dc5dbe1a717c974a1b40273302b5b4e24cd7",
            "messageTitle": "Storage class: add saveTransactions method",
            "messageBody": "",
            "fileTypesAndContributionMap": {
              "functional-code": {
                "insertions": 92,
                "deletions": 8
              },
              "other": {
                "insertions": 1,
                "deletions": 0
              }
            }
          },
          {
            "hash": "157211b57fe3d765731b6e61a534a1bbe74fc974",
            "messageTitle": "Add load transactions upon startup feature",
            "messageBody": "",
            "fileTypesAndContributionMap": {
              "functional-code": {
                "insertions": 59,
                "deletions": 2
              },
              "other": {
                "insertions": 2,
                "deletions": 0
              }
            }
          },
          {
            "hash": "f2a6465da5ec6294c94830348b59d7932f3b52e5",
            "messageTitle": "Remove assertions in code to allow enable assertions in build.gradle",
            "messageBody": "",
            "fileTypesAndContributionMap": {
              "functional-code": {
                "insertions": 4,
                "deletions": 4
              }
            }
          },
          {
            "hash": "c0f3b0bdc371db391c345a05bd049136067842ad",
            "messageTitle": "Fix syntax issue to pass Gradle checks",
            "messageBody": "",
            "fileTypesAndContributionMap": {
              "functional-code": {
                "insertions": 1,
                "deletions": 1
              }
            }
          },
          {
            "hash": "988814a586f38df1a7131b716356d583984b67e3",
            "messageTitle": "Update EXPECTED.txt for text ui test",
            "messageBody": "",
            "fileTypesAndContributionMap": {
              "other": {
                "insertions": 0,
                "deletions": 2
              }
            }
          },
          {
            "hash": "245b5fb08deadad46f852cd8177c21dac1f7407d",
            "messageTitle": "Add assertions",
            "messageBody": "",
            "fileTypesAndContributionMap": {
              "functional-code": {
                "insertions": 4,
                "deletions": 4
              }
            }
          },
          {
            "hash": "ae6d97811f977c24363b1865b819eca262b8319c",
            "messageTitle": "Add delete transaction feature",
            "messageBody": "",
            "fileTypesAndContributionMap": {
              "functional-code": {
                "insertions": 53,
                "deletions": 1
              }
            }
          },
          {
            "hash": "d867567fbedcfabf87c30473b04b5a57e52aa09f",
            "messageTitle": "Update UserGuide.md",
            "messageBody": "",
            "fileTypesAndContributionMap": {
              "docs": {
                "insertions": 84,
                "deletions": 26
              }
            }
          },
          {
            "hash": "1290fa2c903b6d71243af650649bedd2bb58e572",
            "messageTitle": "Update UserGuide.md with delete income/expense commands",
            "messageBody": "",
            "fileTypesAndContributionMap": {
              "docs": {
                "insertions": 24,
                "deletions": 7
              }
            }
          },
          {
            "hash": "de13be1cd40b68101129ace00c926aabe99148da",
            "messageTitle": "Update UserGuide.md with delete command for Command Summary section",
            "messageBody": "",
            "fileTypesAndContributionMap": {
              "docs": {
                "insertions": 1,
                "deletions": 0
              }
            }
          },
          {
            "hash": "4b57eb80cf032b7bc5c955fa0f68cdecc8436888",
            "messageTitle": "Update UserGuide.md",
            "messageBody": "",
            "fileTypesAndContributionMap": {
              "docs": {
                "insertions": 1,
                "deletions": 1
              }
            }
          }
        ]
      },
      {
        "date": "2020-10-11",
        "commitResults": [
          {
            "hash": "e4ff4aa51c5977cdce9b7d1f10e7cd66ac1b0013",
            "messageTitle": "Improve printout",
            "messageBody": "",
            "fileTypesAndContributionMap": {
              "functional-code": {
                "insertions": 39,
                "deletions": 11
              },
              "test-code": {
                "insertions": 0,
                "deletions": 2
              }
            }
          },
          {
            "hash": "a7e99e3b0f7817d1bdae97017b5d2192f2306cf4",
            "messageTitle": "Fix gradle checks fail",
            "messageBody": "",
            "fileTypesAndContributionMap": {
              "functional-code": {
                "insertions": 2,
                "deletions": 2
              }
            }
          },
          {
            "hash": "69e998e391d976023652a209bb3300bb2301521c",
            "messageTitle": "Add save categories feature",
            "messageBody": "",
            "fileTypesAndContributionMap": {
              "functional-code": {
                "insertions": 142,
                "deletions": 47
              }
            }
          },
          {
            "hash": "428115066a19e31117803a0bd7f4fbfbc65e7b10",
            "messageTitle": "FIx Gradle check fails",
            "messageBody": "",
            "fileTypesAndContributionMap": {
              "functional-code": {
                "insertions": 9,
                "deletions": 5
              }
            }
          },
          {
            "hash": "c534bef6bc258e60045aa2205b4e981ff017e4bf",
            "messageTitle": "Storage class: extract out createDirectory method",
            "messageBody": "",
            "fileTypesAndContributionMap": {
              "functional-code": {
                "insertions": 17,
                "deletions": 34
              }
            }
          },
          {
            "hash": "4f91d673c790af1b48017b56eff00d740a726ba7",
            "messageTitle": "Add clear all data feature",
            "messageBody": "",
            "fileTypesAndContributionMap": {
              "functional-code": {
                "insertions": 81,
                "deletions": 9
              }
            }
          },
          {
            "hash": "f80d198494c61d39b20bba4f1975507355ea3536",
            "messageTitle": "Combine income and expense category lists into one",
            "messageBody": "",
            "fileTypesAndContributionMap": {
              "functional-code": {
                "insertions": 245,
                "deletions": 321
              }
            }
          },
          {
            "hash": "55dfe1b1d81d0adeab812085f4114813ebf50c97",
            "messageTitle": "Move createDirectory method call to MoneyTracker class",
            "messageBody": "",
            "fileTypesAndContributionMap": {
              "functional-code": {
                "insertions": 11,
                "deletions": 3
              }
            }
          },
          {
            "hash": "990cf7f08a1312f5d647d85d59754d78acd2245e",
            "messageTitle": "Fix Gradle checks failure",
            "messageBody": "",
            "fileTypesAndContributionMap": {
              "other": {
                "insertions": 1,
                "deletions": 1
              }
            }
          },
          {
            "hash": "911841f01ecf415d97ff3d91b81e38158d16a7fd",
            "messageTitle": "Add checking mechanism for add expense and add income to prevent invalid category.",
            "messageBody": "",
            "fileTypesAndContributionMap": {
              "functional-code": {
                "insertions": 52,
                "deletions": 11
              }
            }
          }
        ]
      },
      {
        "date": "2020-10-12",
        "commitResults": [
          {
            "hash": "cb75063029b954206b8787750aa7b1dfa1d4442f",
            "messageTitle": "Add  more JUnit test cases",
            "messageBody": "",
            "fileTypesAndContributionMap": {
              "functional-code": {
                "insertions": 1,
                "deletions": 2
              },
              "test-code": {
                "insertions": 271,
                "deletions": 7
              }
            }
          },
          {
            "hash": "48cd220682209f89d71ac1247a98c3ebcfb6f2d6",
            "messageTitle": "Storage class: add logger",
            "messageBody": "",
            "fileTypesAndContributionMap": {
              "functional-code": {
                "insertions": 81,
                "deletions": 12
              },
              "other": {
                "insertions": 1,
                "deletions": 1
              }
            }
          }
        ]
      },
      {
        "date": "2020-10-13",
        "commitResults": [
          {
            "hash": "49096507f1bb8c0ec9647912ada1a0c8081b9c3f",
            "messageTitle": "Add delete category feature",
            "messageBody": "",
            "fileTypesAndContributionMap": {
              "functional-code": {
                "insertions": 210,
                "deletions": 93
              },
              "test-code": {
                "insertions": 5,
                "deletions": 5
              }
            }
          },
          {
            "hash": "e1b3ad3dd04c3a2f5475b47f7b6c291fd426b9fc",
            "messageTitle": "Update User Guide",
            "messageBody": "",
            "fileTypesAndContributionMap": {
              "docs": {
                "insertions": 21,
                "deletions": 44
              }
            }
          },
          {
            "hash": "d852d7e45db4f9ffdb5835a0f34edf311589f459",
            "messageTitle": "Update User Guide",
            "messageBody": "",
            "fileTypesAndContributionMap": {
              "docs": {
                "insertions": 5,
                "deletions": 4
              }
            }
          },
          {
            "hash": "a1e334a6a214880afde545a846c9d46c0e32c064",
            "messageTitle": "Update User Guide",
            "messageBody": "",
            "fileTypesAndContributionMap": {
              "docs": {
                "insertions": 3,
                "deletions": 3
              }
            }
          },
          {
            "hash": "f2b7a694a68eec0b0e53ead156d1443e55baf6a2",
            "messageTitle": "Update User Guide",
            "messageBody": "",
            "fileTypesAndContributionMap": {
              "docs": {
                "insertions": 1,
                "deletions": 0
              }
            }
          },
          {
            "hash": "46c59ab6b2eee048a6ecec2e132a9c08f4907759",
            "messageTitle": "Update User Guide",
            "messageBody": "",
            "fileTypesAndContributionMap": {
              "docs": {
                "insertions": 1,
                "deletions": 1
              }
            }
          },
          {
            "hash": "69b62db76654c2d5a611a20bac0faed69e36b9cb",
            "messageTitle": "Fix bug with clear command not working",
            "messageBody": "",
            "fileTypesAndContributionMap": {
              "functional-code": {
                "insertions": 23,
                "deletions": 7
              },
              "other": {
                "insertions": 1,
                "deletions": 1
              }
            }
          }
        ]
      },
      {
        "date": "2020-10-16",
        "commitResults": [
          {
            "hash": "eab38fb7ac651bd34ffcc55a47c6a42b104625d5",
            "messageTitle": "Add v1.0 user stories",
            "messageBody": "",
            "fileTypesAndContributionMap": {
              "docs": {
                "insertions": 14,
                "deletions": 4
              }
            }
          }
        ]
      },
      {
        "date": "2020-10-17",
        "commitResults": [
          {
            "hash": "335514ca6d671026c203451bb2fda2f6b6873988",
            "messageTitle": "Add edit category command",
            "messageBody": "",
            "fileTypesAndContributionMap": {
              "functional-code": {
                "insertions": 162,
                "deletions": 21
              },
              "docs": {
                "insertions": 20,
                "deletions": 0
              },
              "test-code": {
                "insertions": 25,
                "deletions": 3
              }
            }
          },
          {
            "hash": "fd7c00c09eec2b644edfce5124b9bd2784de3e5f",
            "messageTitle": "Add confirmation for clear command",
            "messageBody": "",
            "fileTypesAndContributionMap": {
              "functional-code": {
                "insertions": 29,
                "deletions": 7
              }
            }
          }
        ]
      },
      {
        "date": "2020-10-18",
        "commitResults": [
          {
            "hash": "c055ae863bb2d0884afdcf4989fd0667a9caa48a",
            "messageTitle": "Add skeleton for edit command",
            "messageBody": "",
            "fileTypesAndContributionMap": {
              "functional-code": {
                "insertions": 92,
                "deletions": 14
              },
              "test-code": {
                "insertions": 6,
                "deletions": 6
              }
            }
          },
          {
            "hash": "d8a985abf5f50f93f5d854068bbcd445cb1fb525",
            "messageTitle": "Add edit command",
            "messageBody": "",
            "fileTypesAndContributionMap": {
              "functional-code": {
                "insertions": 178,
                "deletions": 101
              }
            }
          },
          {
            "hash": "30aa814d2225ac87e337159305042a8b984b6546",
            "messageTitle": "Add edit command",
            "messageBody": "",
            "fileTypesAndContributionMap": {
              "functional-code": {
                "insertions": 31,
                "deletions": 29
              }
            }
          },
          {
            "hash": "7eea33b2a90135a36e84a61cf3448ae61cf85ccc",
            "messageTitle": "Add edit transaction command",
            "messageBody": "",
            "fileTypesAndContributionMap": {
              "functional-code": {
                "insertions": 45,
                "deletions": 29
              }
            }
          }
        ]
      },
      {
        "date": "2020-10-19",
        "commitResults": [
          {
            "hash": "57e953fd7e063a3c118b17a1d3db2ca54206681c",
            "messageTitle": "Add budget command",
            "messageBody": "",
            "fileTypesAndContributionMap": {
              "functional-code": {
                "insertions": 258,
                "deletions": 58
              },
              "other": {
                "insertions": 1,
                "deletions": 0
              }
            }
          },
          {
            "hash": "98159c1577a0df703fc1405d3f06dd61e5f217f0",
            "messageTitle": "Fix text ui text failure",
            "messageBody": "",
            "fileTypesAndContributionMap": {
              "functional-code": {
                "insertions": 0,
                "deletions": 1
              }
            }
          },
          {
            "hash": "ce401a943af5587d48fa3fc6d8bbfc711bc09edb",
            "messageTitle": "Move Budget class to summary package",
            "messageBody": "",
            "fileTypesAndContributionMap": {
              "functional-code": {
                "insertions": 28,
                "deletions": 23
              },
              "other": {
                "insertions": 2,
                "deletions": 2
              }
            }
          },
          {
            "hash": "1997dc57bd0df4665544d211ca20646606d7d72d",
            "messageTitle": "Fix ui text test for summary",
            "messageBody": "",
            "fileTypesAndContributionMap": {
              "functional-code": {
                "insertions": 7,
                "deletions": 3
              },
              "other": {
                "insertions": 0,
                "deletions": 1
              }
            }
          },
          {
            "hash": "421003bf48aa5c427d57d8c890e79c26d17a94d2",
            "messageTitle": "Fix Gradle check failure",
            "messageBody": "",
            "fileTypesAndContributionMap": {
              "functional-code": {
                "insertions": 1,
                "deletions": 0
              }
            }
          }
        ]
      },
      {
        "date": "2020-10-20",
        "commitResults": [
          {
            "hash": "ec6a3323207fb8f2e9ec36c89425624487dc9a68",
            "messageTitle": "Prevent negative values to be stored for budget, income amount and expense amount",
            "messageBody": "",
            "fileTypesAndContributionMap": {
              "functional-code": {
                "insertions": 42,
                "deletions": 21
              }
            }
          }
        ]
      },
      {
        "date": "2020-10-24",
        "commitResults": [
          {
            "hash": "25a4f58f245ae37aef785bfc5ede140191b9f893",
            "messageTitle": "Add edit command to UG",
            "messageBody": "",
            "fileTypesAndContributionMap": {
              "docs": {
                "insertions": 26,
                "deletions": 21
              }
            }
          },
          {
            "hash": "0919e97844614d11f1f2986b75267f3e8be064cf",
            "messageTitle": "Add user stories to DG",
            "messageBody": "",
            "fileTypesAndContributionMap": {
              "docs": {
                "insertions": 28,
                "deletions": 2
              }
            }
          },
          {
            "hash": "542dceee30848796ec14b12f546cc330658e84ef",
            "messageTitle": "Add budget command to UG",
            "messageBody": "",
            "fileTypesAndContributionMap": {
              "docs": {
                "insertions": 18,
                "deletions": 0
              }
            }
          }
        ]
      }
    ],
    "Chenduo1412": [
      {
        "date": "2020-10-04",
        "commitResults": [
          {
            "hash": "7e6be4e2c01a9b740819fb86c490a9e3d67b7541",
            "messageTitle": "Add IncomeCategoryList and ExpenseCategoryList class",
            "messageBody": "",
            "fileTypesAndContributionMap": {
              "functional-code": {
                "insertions": 114,
                "deletions": 1
              }
            }
          },
          {
            "hash": "67a164957f3280d53c04a07c6619bb92612101aa",
            "messageTitle": "Fix gradle check issue",
            "messageBody": "",
            "fileTypesAndContributionMap": {
              "functional-code": {
                "insertions": 1,
                "deletions": 2
              }
            }
          },
          {
            "hash": "e96fd1f46bd55a4a9e7251e0d8015b6dee58636e",
            "messageTitle": "Fix the gradle check issue",
            "messageBody": "",
            "fileTypesAndContributionMap": {
              "functional-code": {
                "insertions": 2,
                "deletions": 1
              }
            }
          },
          {
            "hash": "e8b49fc8fed384259b99f5acc34caa449998a6f5",
            "messageTitle": "Fix the gradle check issue.",
            "messageBody": "",
            "fileTypesAndContributionMap": {
              "functional-code": {
                "insertions": 2,
                "deletions": 0
              }
            }
          }
        ]
      },
      {
        "date": "2020-10-18",
        "commitResults": [
          {
            "hash": "67a7dfc44b008692121dce0eb4979f69469a3c2d",
            "messageTitle": "Add Summary of the expense and income",
            "messageBody": "",
            "fileTypesAndContributionMap": {
              "functional-code": {
                "insertions": 51,
                "deletions": 9
              }
            }
          },
          {
            "hash": "2794ec15fe3a762cbb5912f1fbd2d6f5db722286",
            "messageTitle": "Add private method of summary of INC and EXP",
            "messageBody": "",
            "fileTypesAndContributionMap": {
              "functional-code": {
                "insertions": 32,
                "deletions": 16
              }
            }
          },
          {
            "hash": "9402ed5f1b69e523ba4b6a97e0062a13b216a130",
            "messageTitle": "Add private method of summary of INC and EXP",
            "messageBody": "",
            "fileTypesAndContributionMap": {
              "functional-code": {
                "insertions": 15,
                "deletions": 11
              }
            }
          }
        ]
      },
      {
        "date": "2020-10-19",
        "commitResults": [
          {
            "hash": "db9071ac1a98d4a0f76c9d6aa2099cec3d8643ea",
            "messageTitle": "Change the date and currency format",
            "messageBody": "",
            "fileTypesAndContributionMap": {
              "functional-code": {
                "insertions": 6,
                "deletions": 4
              }
            }
          },
          {
            "hash": "7a4772b6a1f44f9b0c4ed7d27a8a60c029b78217",
            "messageTitle": "Solve the gradle error",
            "messageBody": "",
            "fileTypesAndContributionMap": {
              "functional-code": {
                "insertions": 1,
                "deletions": 0
              }
            }
          }
        ]
      },
      {
        "date": "2020-10-22",
        "commitResults": [
          {
            "hash": "b9c2dcab9f416e0976d3dae874ba8e7b26b1e677",
            "messageTitle": "Add Budget alarm function",
            "messageBody": "",
            "fileTypesAndContributionMap": {
              "functional-code": {
                "insertions": 36,
                "deletions": 0
              }
            }
          }
        ]
      }
    ]
  },
  "authorFileTypeContributionMap": {
    "daiweinus": {
      "docs": 28,
      "functional-code": 303,
      "test-code": 0
    },
    "dgc5213": {
      "docs": 188,
      "functional-code": 418,
      "test-code": 36
    },
    "e0260222": {
      "docs": 185,
      "functional-code": 2073,
      "test-code": 329,
      "other": 4
    },
    "Chenduo1412": {
      "docs": 0,
      "functional-code": 103,
      "test-code": 0
    }
  },
  "authorContributionVariance": {
    "daiweinus": 2290.934,
    "dgc5213": 33898.57,
    "e0260222": 36667.33,
    "Chenduo1412": 461.3673
  },
  "authorDisplayNameMap": {
    "daiweinus": "TIC4001-2 DAI .. WEI",
    "dgc5213": "TIC4001-2 LIN ..TONG",
    "e0260222": "TIC4001-2 CHAN..HONG",
    "Chenduo1412": "TIC4001-2 CHEN.. DUO"
  }
}
