[
  {
    "path": "build.gradle",
    "fileType": "other",
    "lines": [
      {
        "lineNumber": 1,
        "author": {
          "gitId": "-"
        },
        "content": "plugins {"
      },
      {
        "lineNumber": 2,
        "author": {
          "gitId": "-"
        },
        "content": "    id \u0027java\u0027"
      },
      {
        "lineNumber": 3,
        "author": {
          "gitId": "-"
        },
        "content": "    id \u0027application\u0027"
      },
      {
        "lineNumber": 4,
        "author": {
          "gitId": "-"
        },
        "content": "    id \u0027checkstyle\u0027"
      },
      {
        "lineNumber": 5,
        "author": {
          "gitId": "-"
        },
        "content": "    id \u0027com.github.johnrengelman.shadow\u0027 version \u00275.1.0\u0027"
      },
      {
        "lineNumber": 6,
        "author": {
          "gitId": "-"
        },
        "content": "}"
      },
      {
        "lineNumber": 7,
        "author": {
          "gitId": "-"
        },
        "content": ""
      },
      {
        "lineNumber": 8,
        "author": {
          "gitId": "-"
        },
        "content": "repositories {"
      },
      {
        "lineNumber": 9,
        "author": {
          "gitId": "-"
        },
        "content": "    mavenCentral()"
      },
      {
        "lineNumber": 10,
        "author": {
          "gitId": "-"
        },
        "content": "}"
      },
      {
        "lineNumber": 11,
        "author": {
          "gitId": "-"
        },
        "content": ""
      },
      {
        "lineNumber": 12,
        "author": {
          "gitId": "-"
        },
        "content": "dependencies {"
      },
      {
        "lineNumber": 13,
        "author": {
          "gitId": "-"
        },
        "content": "    testImplementation group: \u0027org.junit.jupiter\u0027, name: \u0027junit-jupiter-api\u0027, version: \u00275.5.0\u0027"
      },
      {
        "lineNumber": 14,
        "author": {
          "gitId": "-"
        },
        "content": "    testRuntimeOnly group: \u0027org.junit.jupiter\u0027, name: \u0027junit-jupiter-engine\u0027, version: \u00275.5.0\u0027"
      },
      {
        "lineNumber": 15,
        "author": {
          "gitId": "-"
        },
        "content": "}"
      },
      {
        "lineNumber": 16,
        "author": {
          "gitId": "-"
        },
        "content": ""
      },
      {
        "lineNumber": 17,
        "author": {
          "gitId": "-"
        },
        "content": "test {"
      },
      {
        "lineNumber": 18,
        "author": {
          "gitId": "-"
        },
        "content": "    useJUnitPlatform()"
      },
      {
        "lineNumber": 19,
        "author": {
          "gitId": "-"
        },
        "content": ""
      },
      {
        "lineNumber": 20,
        "author": {
          "gitId": "-"
        },
        "content": "    testLogging {"
      },
      {
        "lineNumber": 21,
        "author": {
          "gitId": "-"
        },
        "content": "        events \"passed\", \"skipped\", \"failed\""
      },
      {
        "lineNumber": 22,
        "author": {
          "gitId": "-"
        },
        "content": ""
      },
      {
        "lineNumber": 23,
        "author": {
          "gitId": "-"
        },
        "content": "        showExceptions true"
      },
      {
        "lineNumber": 24,
        "author": {
          "gitId": "-"
        },
        "content": "        exceptionFormat \"full\""
      },
      {
        "lineNumber": 25,
        "author": {
          "gitId": "-"
        },
        "content": "        showCauses true"
      },
      {
        "lineNumber": 26,
        "author": {
          "gitId": "-"
        },
        "content": "        showStackTraces true"
      },
      {
        "lineNumber": 27,
        "author": {
          "gitId": "-"
        },
        "content": "        showStandardStreams \u003d false"
      },
      {
        "lineNumber": 28,
        "author": {
          "gitId": "-"
        },
        "content": "    }"
      },
      {
        "lineNumber": 29,
        "author": {
          "gitId": "-"
        },
        "content": "}"
      },
      {
        "lineNumber": 30,
        "author": {
          "gitId": "-"
        },
        "content": ""
      },
      {
        "lineNumber": 31,
        "author": {
          "gitId": "-"
        },
        "content": "application {"
      },
      {
        "lineNumber": 32,
        "author": {
          "gitId": "adi-kd0021"
        },
        "content": "    mainClassName \u003d \"seedu.duke.NusExpenses\""
      },
      {
        "lineNumber": 33,
        "author": {
          "gitId": "-"
        },
        "content": "}"
      },
      {
        "lineNumber": 34,
        "author": {
          "gitId": "-"
        },
        "content": ""
      },
      {
        "lineNumber": 35,
        "author": {
          "gitId": "-"
        },
        "content": "shadowJar {"
      },
      {
        "lineNumber": 36,
        "author": {
          "gitId": "-"
        },
        "content": "    archiveBaseName \u003d \"duke\""
      },
      {
        "lineNumber": 37,
        "author": {
          "gitId": "-"
        },
        "content": "    archiveClassifier \u003d null"
      },
      {
        "lineNumber": 38,
        "author": {
          "gitId": "-"
        },
        "content": "}"
      },
      {
        "lineNumber": 39,
        "author": {
          "gitId": "-"
        },
        "content": ""
      },
      {
        "lineNumber": 40,
        "author": {
          "gitId": "-"
        },
        "content": "checkstyle {"
      },
      {
        "lineNumber": 41,
        "author": {
          "gitId": "-"
        },
        "content": "    toolVersion \u003d \u00278.23\u0027"
      },
      {
        "lineNumber": 42,
        "author": {
          "gitId": "-"
        },
        "content": "}"
      },
      {
        "lineNumber": 43,
        "author": {
          "gitId": "-"
        },
        "content": ""
      },
      {
        "lineNumber": 44,
        "author": {
          "gitId": "-"
        },
        "content": "run{"
      },
      {
        "lineNumber": 45,
        "author": {
          "gitId": "-"
        },
        "content": "    standardInput \u003d System.in"
      },
      {
        "lineNumber": 46,
        "author": {
          "gitId": "-"
        },
        "content": "}"
      }
    ],
    "authorContributionMap": {
      "-": 45,
      "adi-kd0021": 1
    }
  },
  {
    "path": "src/main/java/seedu/duke/NusExpenses.java",
    "fileType": "functional-code",
    "lines": [
      {
        "lineNumber": 1,
        "author": {
          "gitId": "-"
        },
        "content": "package seedu.duke;"
      },
      {
        "lineNumber": 2,
        "author": {
          "gitId": "-"
        },
        "content": ""
      },
      {
        "lineNumber": 3,
        "author": {
          "gitId": "-"
        },
        "content": "import java.util.Scanner;"
      },
      {
        "lineNumber": 4,
        "author": {
          "gitId": "-"
        },
        "content": ""
      },
      {
        "lineNumber": 5,
        "author": {
          "gitId": "adi-kd0021"
        },
        "content": "public class NusExpenses {"
      },
      {
        "lineNumber": 6,
        "author": {
          "gitId": "-"
        },
        "content": "    /**"
      },
      {
        "lineNumber": 7,
        "author": {
          "gitId": "-"
        },
        "content": "     * Main entry-point for the java.duke.Duke application."
      },
      {
        "lineNumber": 8,
        "author": {
          "gitId": "-"
        },
        "content": "     */"
      },
      {
        "lineNumber": 9,
        "author": {
          "gitId": "-"
        },
        "content": "    public static void main(String[] args) {"
      },
      {
        "lineNumber": 10,
        "author": {
          "gitId": "-"
        },
        "content": "        String logo \u003d \" ____        _        \\n\""
      },
      {
        "lineNumber": 11,
        "author": {
          "gitId": "-"
        },
        "content": "                + \"|  _ \\\\ _   _| | _____ \\n\""
      },
      {
        "lineNumber": 12,
        "author": {
          "gitId": "-"
        },
        "content": "                + \"| | | | | | | |/ / _ \\\\\\n\""
      },
      {
        "lineNumber": 13,
        "author": {
          "gitId": "-"
        },
        "content": "                + \"| |_| | |_| |   \u003c  __/\\n\""
      },
      {
        "lineNumber": 14,
        "author": {
          "gitId": "-"
        },
        "content": "                + \"|____/ \\\\__,_|_|\\\\_\\\\___|\\n\";"
      },
      {
        "lineNumber": 15,
        "author": {
          "gitId": "-"
        },
        "content": "        System.out.println(\"Hello from\\n\" + logo);"
      },
      {
        "lineNumber": 16,
        "author": {
          "gitId": "-"
        },
        "content": "        System.out.println(\"What is your name?\");"
      },
      {
        "lineNumber": 17,
        "author": {
          "gitId": "-"
        },
        "content": ""
      },
      {
        "lineNumber": 18,
        "author": {
          "gitId": "-"
        },
        "content": "        Scanner in \u003d new Scanner(System.in);"
      },
      {
        "lineNumber": 19,
        "author": {
          "gitId": "-"
        },
        "content": "        System.out.println(\"Hello \" + in.nextLine());"
      },
      {
        "lineNumber": 20,
        "author": {
          "gitId": "-"
        },
        "content": "    }"
      },
      {
        "lineNumber": 21,
        "author": {
          "gitId": "-"
        },
        "content": "}"
      }
    ],
    "authorContributionMap": {
      "-": 20,
      "adi-kd0021": 1
    }
  },
  {
    "path": "src/main/java/seedu/duke/Transaction.java",
    "fileType": "functional-code",
    "lines": [
      {
        "lineNumber": 1,
        "author": {
          "gitId": "adi-kd0021"
        },
        "content": "package seedu.duke;"
      },
      {
        "lineNumber": 2,
        "author": {
          "gitId": "adi-kd0021"
        },
        "content": ""
      },
      {
        "lineNumber": 3,
        "author": {
          "gitId": "adi-kd0021"
        },
        "content": "public class Transaction {"
      },
      {
        "lineNumber": 4,
        "author": {
          "gitId": "adi-kd0021"
        },
        "content": "    private int amount;"
      },
      {
        "lineNumber": 5,
        "author": {
          "gitId": "adi-kd0021"
        },
        "content": "    private String description;"
      },
      {
        "lineNumber": 6,
        "author": {
          "gitId": "adi-kd0021"
        },
        "content": "    private String date;"
      },
      {
        "lineNumber": 7,
        "author": {
          "gitId": "adi-kd0021"
        },
        "content": ""
      },
      {
        "lineNumber": 8,
        "author": {
          "gitId": "adi-kd0021"
        },
        "content": ""
      },
      {
        "lineNumber": 9,
        "author": {
          "gitId": "adi-kd0021"
        },
        "content": "    public int getAmount() {"
      },
      {
        "lineNumber": 10,
        "author": {
          "gitId": "adi-kd0021"
        },
        "content": "        return amount;"
      },
      {
        "lineNumber": 11,
        "author": {
          "gitId": "adi-kd0021"
        },
        "content": "    }"
      },
      {
        "lineNumber": 12,
        "author": {
          "gitId": "adi-kd0021"
        },
        "content": ""
      },
      {
        "lineNumber": 13,
        "author": {
          "gitId": "adi-kd0021"
        },
        "content": "    public void setAmount(int amount) {"
      },
      {
        "lineNumber": 14,
        "author": {
          "gitId": "adi-kd0021"
        },
        "content": "        this.amount \u003d amount;"
      },
      {
        "lineNumber": 15,
        "author": {
          "gitId": "adi-kd0021"
        },
        "content": "    }"
      },
      {
        "lineNumber": 16,
        "author": {
          "gitId": "adi-kd0021"
        },
        "content": ""
      },
      {
        "lineNumber": 17,
        "author": {
          "gitId": "adi-kd0021"
        },
        "content": "    public String getDate() {"
      },
      {
        "lineNumber": 18,
        "author": {
          "gitId": "adi-kd0021"
        },
        "content": "        return date;"
      },
      {
        "lineNumber": 19,
        "author": {
          "gitId": "adi-kd0021"
        },
        "content": "    }"
      },
      {
        "lineNumber": 20,
        "author": {
          "gitId": "adi-kd0021"
        },
        "content": ""
      },
      {
        "lineNumber": 21,
        "author": {
          "gitId": "adi-kd0021"
        },
        "content": "    public void setDate(String date) {"
      },
      {
        "lineNumber": 22,
        "author": {
          "gitId": "adi-kd0021"
        },
        "content": "        this.date \u003d date;"
      },
      {
        "lineNumber": 23,
        "author": {
          "gitId": "adi-kd0021"
        },
        "content": "    }"
      },
      {
        "lineNumber": 24,
        "author": {
          "gitId": "adi-kd0021"
        },
        "content": ""
      },
      {
        "lineNumber": 25,
        "author": {
          "gitId": "adi-kd0021"
        },
        "content": "    public String getDescription() {"
      },
      {
        "lineNumber": 26,
        "author": {
          "gitId": "adi-kd0021"
        },
        "content": "        return description;"
      },
      {
        "lineNumber": 27,
        "author": {
          "gitId": "adi-kd0021"
        },
        "content": "    }"
      },
      {
        "lineNumber": 28,
        "author": {
          "gitId": "adi-kd0021"
        },
        "content": ""
      },
      {
        "lineNumber": 29,
        "author": {
          "gitId": "adi-kd0021"
        },
        "content": "    public void setDescription(String description) {"
      },
      {
        "lineNumber": 30,
        "author": {
          "gitId": "adi-kd0021"
        },
        "content": "        this.description \u003d description;"
      },
      {
        "lineNumber": 31,
        "author": {
          "gitId": "adi-kd0021"
        },
        "content": "    }"
      },
      {
        "lineNumber": 32,
        "author": {
          "gitId": "adi-kd0021"
        },
        "content": ""
      },
      {
        "lineNumber": 33,
        "author": {
          "gitId": "adi-kd0021"
        },
        "content": "    /**"
      },
      {
        "lineNumber": 34,
        "author": {
          "gitId": "skyventus"
        },
        "content": "     * To display task in String format."
      },
      {
        "lineNumber": 35,
        "author": {
          "gitId": "adi-kd0021"
        },
        "content": "     * @return"
      },
      {
        "lineNumber": 36,
        "author": {
          "gitId": "adi-kd0021"
        },
        "content": "     */"
      },
      {
        "lineNumber": 37,
        "author": {
          "gitId": "adi-kd0021"
        },
        "content": "    public String toString() {"
      },
      {
        "lineNumber": 38,
        "author": {
          "gitId": "adi-kd0021"
        },
        "content": "        return String.format(\"%s\", this.getDescription());"
      },
      {
        "lineNumber": 39,
        "author": {
          "gitId": "adi-kd0021"
        },
        "content": "    }"
      },
      {
        "lineNumber": 40,
        "author": {
          "gitId": "adi-kd0021"
        },
        "content": "}"
      }
    ],
    "authorContributionMap": {
      "skyventus": 1,
      "adi-kd0021": 39
    }
  },
  {
    "path": "src/main/java/seedu/duke/TransactionList.java",
    "fileType": "functional-code",
    "lines": [
      {
        "lineNumber": 1,
        "author": {
          "gitId": "adi-kd0021"
        },
        "content": "package seedu.duke;"
      },
      {
        "lineNumber": 2,
        "author": {
          "gitId": "adi-kd0021"
        },
        "content": ""
      },
      {
        "lineNumber": 3,
        "author": {
          "gitId": "adi-kd0021"
        },
        "content": "import java.util.ArrayList;"
      },
      {
        "lineNumber": 4,
        "author": {
          "gitId": "adi-kd0021"
        },
        "content": "import java.util.List;"
      },
      {
        "lineNumber": 5,
        "author": {
          "gitId": "adi-kd0021"
        },
        "content": ""
      },
      {
        "lineNumber": 6,
        "author": {
          "gitId": "adi-kd0021"
        },
        "content": "public class TransactionList {"
      },
      {
        "lineNumber": 7,
        "author": {
          "gitId": "adi-kd0021"
        },
        "content": "    private List\u003cTransaction\u003e transactionList;"
      },
      {
        "lineNumber": 8,
        "author": {
          "gitId": "adi-kd0021"
        },
        "content": ""
      },
      {
        "lineNumber": 9,
        "author": {
          "gitId": "adi-kd0021"
        },
        "content": ""
      },
      {
        "lineNumber": 10,
        "author": {
          "gitId": "adi-kd0021"
        },
        "content": "    public TransactionList() {"
      },
      {
        "lineNumber": 11,
        "author": {
          "gitId": "adi-kd0021"
        },
        "content": "        this.transactionList \u003d new ArrayList\u003c\u003e();"
      },
      {
        "lineNumber": 12,
        "author": {
          "gitId": "adi-kd0021"
        },
        "content": "    }"
      },
      {
        "lineNumber": 13,
        "author": {
          "gitId": "adi-kd0021"
        },
        "content": "}"
      }
    ],
    "authorContributionMap": {
      "adi-kd0021": 13
    }
  },
  {
    "path": "src/main/java/seedu/duke/utilities/Parser.java",
    "fileType": "functional-code",
    "lines": [
      {
        "lineNumber": 1,
        "author": {
          "gitId": "adi-kd0021"
        },
        "content": "package seedu.duke.utilities;"
      },
      {
        "lineNumber": 2,
        "author": {
          "gitId": "adi-kd0021"
        },
        "content": ""
      },
      {
        "lineNumber": 3,
        "author": {
          "gitId": "adi-kd0021"
        },
        "content": "public class Parser {"
      },
      {
        "lineNumber": 4,
        "author": {
          "gitId": "adi-kd0021"
        },
        "content": "}"
      }
    ],
    "authorContributionMap": {
      "adi-kd0021": 4
    }
  },
  {
    "path": "src/main/java/seedu/duke/utilities/Storage.java",
    "fileType": "functional-code",
    "lines": [
      {
        "lineNumber": 1,
        "author": {
          "gitId": "adi-kd0021"
        },
        "content": "package seedu.duke.utilities;"
      },
      {
        "lineNumber": 2,
        "author": {
          "gitId": "adi-kd0021"
        },
        "content": ""
      },
      {
        "lineNumber": 3,
        "author": {
          "gitId": "adi-kd0021"
        },
        "content": "public class Storage {"
      },
      {
        "lineNumber": 4,
        "author": {
          "gitId": "adi-kd0021"
        },
        "content": "}"
      }
    ],
    "authorContributionMap": {
      "adi-kd0021": 4
    }
  },
  {
    "path": "src/main/java/seedu/duke/utilities/Ui.java",
    "fileType": "functional-code",
    "lines": [
      {
        "lineNumber": 1,
        "author": {
          "gitId": "adi-kd0021"
        },
        "content": "package seedu.duke.utilities;"
      },
      {
        "lineNumber": 2,
        "author": {
          "gitId": "adi-kd0021"
        },
        "content": ""
      },
      {
        "lineNumber": 3,
        "author": {
          "gitId": "adi-kd0021"
        },
        "content": "import java.util.Scanner;"
      },
      {
        "lineNumber": 4,
        "author": {
          "gitId": "adi-kd0021"
        },
        "content": ""
      },
      {
        "lineNumber": 5,
        "author": {
          "gitId": "adi-kd0021"
        },
        "content": "/**"
      },
      {
        "lineNumber": 6,
        "author": {
          "gitId": "skyventus"
        },
        "content": " * Display / Show to user stuffs."
      },
      {
        "lineNumber": 7,
        "author": {
          "gitId": "adi-kd0021"
        },
        "content": " */"
      },
      {
        "lineNumber": 8,
        "author": {
          "gitId": "adi-kd0021"
        },
        "content": "public class Ui {"
      },
      {
        "lineNumber": 9,
        "author": {
          "gitId": "adi-kd0021"
        },
        "content": "    private Scanner in;"
      },
      {
        "lineNumber": 10,
        "author": {
          "gitId": "adi-kd0021"
        },
        "content": ""
      },
      {
        "lineNumber": 11,
        "author": {
          "gitId": "adi-kd0021"
        },
        "content": "    public Ui() {"
      },
      {
        "lineNumber": 12,
        "author": {
          "gitId": "adi-kd0021"
        },
        "content": "        in \u003d new Scanner(System.in);"
      },
      {
        "lineNumber": 13,
        "author": {
          "gitId": "adi-kd0021"
        },
        "content": "    }"
      },
      {
        "lineNumber": 14,
        "author": {
          "gitId": "adi-kd0021"
        },
        "content": ""
      },
      {
        "lineNumber": 15,
        "author": {
          "gitId": "adi-kd0021"
        },
        "content": "    /**"
      },
      {
        "lineNumber": 16,
        "author": {
          "gitId": "skyventus"
        },
        "content": "     * Read in the next input line."
      },
      {
        "lineNumber": 17,
        "author": {
          "gitId": "adi-kd0021"
        },
        "content": "     * @return"
      },
      {
        "lineNumber": 18,
        "author": {
          "gitId": "adi-kd0021"
        },
        "content": "     */"
      },
      {
        "lineNumber": 19,
        "author": {
          "gitId": "adi-kd0021"
        },
        "content": "    public String readUserCommand() {"
      },
      {
        "lineNumber": 20,
        "author": {
          "gitId": "adi-kd0021"
        },
        "content": ""
      },
      {
        "lineNumber": 21,
        "author": {
          "gitId": "adi-kd0021"
        },
        "content": "        return in.nextLine().trim();"
      },
      {
        "lineNumber": 22,
        "author": {
          "gitId": "adi-kd0021"
        },
        "content": "    }"
      },
      {
        "lineNumber": 23,
        "author": {
          "gitId": "adi-kd0021"
        },
        "content": ""
      },
      {
        "lineNumber": 24,
        "author": {
          "gitId": "adi-kd0021"
        },
        "content": "    /**"
      },
      {
        "lineNumber": 25,
        "author": {
          "gitId": "skyventus"
        },
        "content": "     * Close the inputstream."
      },
      {
        "lineNumber": 26,
        "author": {
          "gitId": "skyventus"
        },
        "content": "     *"
      },
      {
        "lineNumber": 27,
        "author": {
          "gitId": "adi-kd0021"
        },
        "content": "     */"
      },
      {
        "lineNumber": 28,
        "author": {
          "gitId": "adi-kd0021"
        },
        "content": "    public void endInputFeed() {"
      },
      {
        "lineNumber": 29,
        "author": {
          "gitId": "adi-kd0021"
        },
        "content": "        in.close();"
      },
      {
        "lineNumber": 30,
        "author": {
          "gitId": "adi-kd0021"
        },
        "content": "    }"
      },
      {
        "lineNumber": 31,
        "author": {
          "gitId": "adi-kd0021"
        },
        "content": ""
      },
      {
        "lineNumber": 32,
        "author": {
          "gitId": "skyventus"
        },
        "content": ""
      },
      {
        "lineNumber": 33,
        "author": {
          "gitId": "adi-kd0021"
        },
        "content": "    public static void showToUser(String message) {"
      },
      {
        "lineNumber": 34,
        "author": {
          "gitId": "adi-kd0021"
        },
        "content": "        System.out.println(message);"
      },
      {
        "lineNumber": 35,
        "author": {
          "gitId": "adi-kd0021"
        },
        "content": "    }"
      },
      {
        "lineNumber": 36,
        "author": {
          "gitId": "adi-kd0021"
        },
        "content": "}"
      }
    ],
    "authorContributionMap": {
      "skyventus": 5,
      "adi-kd0021": 31
    }
  }
]
