[
  {
    "path": "build.gradle",
    "fileType": "other",
    "lines": [
      {
        "lineNumber": 1,
        "author": {
          "gitId": "-"
        },
        "content": "plugins {"
      },
      {
        "lineNumber": 2,
        "author": {
          "gitId": "-"
        },
        "content": "    id \u0027java\u0027"
      },
      {
        "lineNumber": 3,
        "author": {
          "gitId": "-"
        },
        "content": "    id \u0027application\u0027"
      },
      {
        "lineNumber": 4,
        "author": {
          "gitId": "-"
        },
        "content": "    id \u0027checkstyle\u0027"
      },
      {
        "lineNumber": 5,
        "author": {
          "gitId": "-"
        },
        "content": "    id \u0027com.github.johnrengelman.shadow\u0027 version \u00275.1.0\u0027"
      },
      {
        "lineNumber": 6,
        "author": {
          "gitId": "-"
        },
        "content": "}"
      },
      {
        "lineNumber": 7,
        "author": {
          "gitId": "-"
        },
        "content": ""
      },
      {
        "lineNumber": 8,
        "author": {
          "gitId": "-"
        },
        "content": "repositories {"
      },
      {
        "lineNumber": 9,
        "author": {
          "gitId": "-"
        },
        "content": "    mavenCentral()"
      },
      {
        "lineNumber": 10,
        "author": {
          "gitId": "-"
        },
        "content": "}"
      },
      {
        "lineNumber": 11,
        "author": {
          "gitId": "-"
        },
        "content": ""
      },
      {
        "lineNumber": 12,
        "author": {
          "gitId": "-"
        },
        "content": "dependencies {"
      },
      {
        "lineNumber": 13,
        "author": {
          "gitId": "-"
        },
        "content": "    testImplementation group: \u0027org.junit.jupiter\u0027, name: \u0027junit-jupiter-api\u0027, version: \u00275.5.0\u0027"
      },
      {
        "lineNumber": 14,
        "author": {
          "gitId": "-"
        },
        "content": "    testRuntimeOnly group: \u0027org.junit.jupiter\u0027, name: \u0027junit-jupiter-engine\u0027, version: \u00275.5.0\u0027"
      },
      {
        "lineNumber": 15,
        "author": {
          "gitId": "-"
        },
        "content": "}"
      },
      {
        "lineNumber": 16,
        "author": {
          "gitId": "-"
        },
        "content": ""
      },
      {
        "lineNumber": 17,
        "author": {
          "gitId": "-"
        },
        "content": "test {"
      },
      {
        "lineNumber": 18,
        "author": {
          "gitId": "-"
        },
        "content": "    useJUnitPlatform()"
      },
      {
        "lineNumber": 19,
        "author": {
          "gitId": "-"
        },
        "content": ""
      },
      {
        "lineNumber": 20,
        "author": {
          "gitId": "-"
        },
        "content": "    testLogging {"
      },
      {
        "lineNumber": 21,
        "author": {
          "gitId": "-"
        },
        "content": "        events \"passed\", \"skipped\", \"failed\""
      },
      {
        "lineNumber": 22,
        "author": {
          "gitId": "-"
        },
        "content": ""
      },
      {
        "lineNumber": 23,
        "author": {
          "gitId": "-"
        },
        "content": "        showExceptions true"
      },
      {
        "lineNumber": 24,
        "author": {
          "gitId": "-"
        },
        "content": "        exceptionFormat \"full\""
      },
      {
        "lineNumber": 25,
        "author": {
          "gitId": "-"
        },
        "content": "        showCauses true"
      },
      {
        "lineNumber": 26,
        "author": {
          "gitId": "-"
        },
        "content": "        showStackTraces true"
      },
      {
        "lineNumber": 27,
        "author": {
          "gitId": "-"
        },
        "content": "        showStandardStreams \u003d false"
      },
      {
        "lineNumber": 28,
        "author": {
          "gitId": "-"
        },
        "content": "    }"
      },
      {
        "lineNumber": 29,
        "author": {
          "gitId": "-"
        },
        "content": "}"
      },
      {
        "lineNumber": 30,
        "author": {
          "gitId": "-"
        },
        "content": ""
      },
      {
        "lineNumber": 31,
        "author": {
          "gitId": "-"
        },
        "content": "application {"
      },
      {
        "lineNumber": 32,
        "author": {
          "gitId": "adi-kd0021"
        },
        "content": "    mainClassName \u003d \"seedu.duke.NusExpenses\""
      },
      {
        "lineNumber": 33,
        "author": {
          "gitId": "-"
        },
        "content": "}"
      },
      {
        "lineNumber": 34,
        "author": {
          "gitId": "-"
        },
        "content": ""
      },
      {
        "lineNumber": 35,
        "author": {
          "gitId": "-"
        },
        "content": "shadowJar {"
      },
      {
        "lineNumber": 36,
        "author": {
          "gitId": "-"
        },
        "content": "    archiveBaseName \u003d \"duke\""
      },
      {
        "lineNumber": 37,
        "author": {
          "gitId": "-"
        },
        "content": "    archiveClassifier \u003d null"
      },
      {
        "lineNumber": 38,
        "author": {
          "gitId": "-"
        },
        "content": "}"
      },
      {
        "lineNumber": 39,
        "author": {
          "gitId": "-"
        },
        "content": ""
      },
      {
        "lineNumber": 40,
        "author": {
          "gitId": "-"
        },
        "content": "checkstyle {"
      },
      {
        "lineNumber": 41,
        "author": {
          "gitId": "-"
        },
        "content": "    toolVersion \u003d \u00278.23\u0027"
      },
      {
        "lineNumber": 42,
        "author": {
          "gitId": "-"
        },
        "content": "}"
      },
      {
        "lineNumber": 43,
        "author": {
          "gitId": "-"
        },
        "content": ""
      },
      {
        "lineNumber": 44,
        "author": {
          "gitId": "-"
        },
        "content": "run{"
      },
      {
        "lineNumber": 45,
        "author": {
          "gitId": "-"
        },
        "content": "    standardInput \u003d System.in"
      },
      {
        "lineNumber": 46,
        "author": {
          "gitId": "-"
        },
        "content": "}"
      },
      {
        "lineNumber": 47,
        "author": {
          "gitId": "adi-kd0021"
        },
        "content": ""
      },
      {
        "lineNumber": 48,
        "author": {
          "gitId": "adi-kd0021"
        },
        "content": "jar {"
      },
      {
        "lineNumber": 49,
        "author": {
          "gitId": "adi-kd0021"
        },
        "content": "  manifest {"
      },
      {
        "lineNumber": 50,
        "author": {
          "gitId": "adi-kd0021"
        },
        "content": "    attributes("
      },
      {
        "lineNumber": 51,
        "author": {
          "gitId": "adi-kd0021"
        },
        "content": "      \"Class-Path\": configurations.compile.collect { it.getName() }.join(\u0027 \u0027))"
      },
      {
        "lineNumber": 52,
        "author": {
          "gitId": "adi-kd0021"
        },
        "content": "  }"
      },
      {
        "lineNumber": 53,
        "author": {
          "gitId": "adi-kd0021"
        },
        "content": "}"
      }
    ],
    "authorContributionMap": {
      "-": 45,
      "adi-kd0021": 8
    }
  },
  {
    "path": "src/main/java/seedu/duke/NusExpenses.java",
    "fileType": "functional-code",
    "lines": [
      {
        "lineNumber": 1,
        "author": {
          "gitId": "-"
        },
        "content": "package seedu.duke;"
      },
      {
        "lineNumber": 2,
        "author": {
          "gitId": "-"
        },
        "content": ""
      },
      {
        "lineNumber": 3,
        "author": {
          "gitId": "-"
        },
        "content": "import java.util.Scanner;"
      },
      {
        "lineNumber": 4,
        "author": {
          "gitId": "-"
        },
        "content": ""
      },
      {
        "lineNumber": 5,
        "author": {
          "gitId": "adi-kd0021"
        },
        "content": ""
      },
      {
        "lineNumber": 6,
        "author": {
          "gitId": "adi-kd0021"
        },
        "content": "public class NusExpenses {"
      },
      {
        "lineNumber": 7,
        "author": {
          "gitId": "-"
        },
        "content": "    /**"
      },
      {
        "lineNumber": 8,
        "author": {
          "gitId": "-"
        },
        "content": "     * Main entry-point for the java.duke.Duke application."
      },
      {
        "lineNumber": 9,
        "author": {
          "gitId": "-"
        },
        "content": "     */"
      },
      {
        "lineNumber": 10,
        "author": {
          "gitId": "-"
        },
        "content": "    public static void main(String[] args) {"
      },
      {
        "lineNumber": 11,
        "author": {
          "gitId": "adi-kd0021"
        },
        "content": ""
      },
      {
        "lineNumber": 12,
        "author": {
          "gitId": "adi-kd0021"
        },
        "content": "        //Start the Expense Tracker."
      },
      {
        "lineNumber": 13,
        "author": {
          "gitId": "adi-kd0021"
        },
        "content": "        new NusExpenses().run();"
      },
      {
        "lineNumber": 14,
        "author": {
          "gitId": "adi-kd0021"
        },
        "content": ""
      },
      {
        "lineNumber": 15,
        "author": {
          "gitId": "adi-kd0021"
        },
        "content": "    }"
      },
      {
        "lineNumber": 16,
        "author": {
          "gitId": "adi-kd0021"
        },
        "content": ""
      },
      {
        "lineNumber": 17,
        "author": {
          "gitId": "adi-kd0021"
        },
        "content": "    public void run() {"
      },
      {
        "lineNumber": 18,
        "author": {
          "gitId": "adi-kd0021"
        },
        "content": "        boolean isExit \u003d false;"
      },
      {
        "lineNumber": 19,
        "author": {
          "gitId": "adi-kd0021"
        },
        "content": "        while (isExit) {"
      },
      {
        "lineNumber": 20,
        "author": {
          "gitId": "adi-kd0021"
        },
        "content": "            try {"
      },
      {
        "lineNumber": 21,
        "author": {
          "gitId": "adi-kd0021"
        },
        "content": "                switch (\"\") {"
      },
      {
        "lineNumber": 22,
        "author": {
          "gitId": "adi-kd0021"
        },
        "content": "                case \"EXIT\":"
      },
      {
        "lineNumber": 23,
        "author": {
          "gitId": "adi-kd0021"
        },
        "content": "                    isExit \u003d true;"
      },
      {
        "lineNumber": 24,
        "author": {
          "gitId": "adi-kd0021"
        },
        "content": "                    break;"
      },
      {
        "lineNumber": 25,
        "author": {
          "gitId": "adi-kd0021"
        },
        "content": "                case \"ADD\":"
      },
      {
        "lineNumber": 26,
        "author": {
          "gitId": "adi-kd0021"
        },
        "content": "                    break;"
      },
      {
        "lineNumber": 27,
        "author": {
          "gitId": "adi-kd0021"
        },
        "content": "                case \"VIEW\":"
      },
      {
        "lineNumber": 28,
        "author": {
          "gitId": "adi-kd0021"
        },
        "content": "                    break;"
      },
      {
        "lineNumber": 29,
        "author": {
          "gitId": "adi-kd0021"
        },
        "content": "                case \"DELETE\":"
      },
      {
        "lineNumber": 30,
        "author": {
          "gitId": "adi-kd0021"
        },
        "content": "                    break;"
      },
      {
        "lineNumber": 31,
        "author": {
          "gitId": "adi-kd0021"
        },
        "content": "                case \"SEARCH\":"
      },
      {
        "lineNumber": 32,
        "author": {
          "gitId": "adi-kd0021"
        },
        "content": "                    break;"
      },
      {
        "lineNumber": 33,
        "author": {
          "gitId": "adi-kd0021"
        },
        "content": "                case \"TOTAL\":"
      },
      {
        "lineNumber": 34,
        "author": {
          "gitId": "adi-kd0021"
        },
        "content": "                    break;"
      },
      {
        "lineNumber": 35,
        "author": {
          "gitId": "adi-kd0021"
        },
        "content": "                default:"
      },
      {
        "lineNumber": 36,
        "author": {
          "gitId": "adi-kd0021"
        },
        "content": "                    break;"
      },
      {
        "lineNumber": 37,
        "author": {
          "gitId": "adi-kd0021"
        },
        "content": "                }"
      },
      {
        "lineNumber": 38,
        "author": {
          "gitId": "adi-kd0021"
        },
        "content": "            } catch (Exception e) {"
      },
      {
        "lineNumber": 39,
        "author": {
          "gitId": "adi-kd0021"
        },
        "content": "                System.out.println(e.getMessage());"
      },
      {
        "lineNumber": 40,
        "author": {
          "gitId": "adi-kd0021"
        },
        "content": "            }"
      },
      {
        "lineNumber": 41,
        "author": {
          "gitId": "adi-kd0021"
        },
        "content": ""
      },
      {
        "lineNumber": 42,
        "author": {
          "gitId": "adi-kd0021"
        },
        "content": "        }"
      },
      {
        "lineNumber": 43,
        "author": {
          "gitId": "adi-kd0021"
        },
        "content": "        System.exit(0);"
      },
      {
        "lineNumber": 44,
        "author": {
          "gitId": "-"
        },
        "content": "    }"
      },
      {
        "lineNumber": 45,
        "author": {
          "gitId": "-"
        },
        "content": "}"
      }
    ],
    "authorContributionMap": {
      "-": 10,
      "adi-kd0021": 35
    }
  },
  {
    "path": "src/main/java/seedu/duke/commands/AddCommand.java",
    "fileType": "functional-code",
    "lines": [
      {
        "lineNumber": 1,
        "author": {
          "gitId": "adi-kd0021"
        },
        "content": "package seedu.duke.commands;"
      },
      {
        "lineNumber": 2,
        "author": {
          "gitId": "adi-kd0021"
        },
        "content": ""
      },
      {
        "lineNumber": 3,
        "author": {
          "gitId": "adi-kd0021"
        },
        "content": "public class AddCommand {"
      },
      {
        "lineNumber": 4,
        "author": {
          "gitId": "adi-kd0021"
        },
        "content": "}"
      }
    ],
    "authorContributionMap": {
      "adi-kd0021": 4
    }
  },
  {
    "path": "src/main/java/seedu/duke/commands/Command.java",
    "fileType": "functional-code",
    "lines": [
      {
        "lineNumber": 1,
        "author": {
          "gitId": "adi-kd0021"
        },
        "content": "package seedu.duke.commands;"
      },
      {
        "lineNumber": 2,
        "author": {
          "gitId": "adi-kd0021"
        },
        "content": ""
      },
      {
        "lineNumber": 3,
        "author": {
          "gitId": "adi-kd0021"
        },
        "content": "import seedu.duke.data.Transaction;"
      },
      {
        "lineNumber": 4,
        "author": {
          "gitId": "adi-kd0021"
        },
        "content": "import seedu.duke.data.TransactionList;"
      },
      {
        "lineNumber": 5,
        "author": {
          "gitId": "adi-kd0021"
        },
        "content": ""
      },
      {
        "lineNumber": 6,
        "author": {
          "gitId": "adi-kd0021"
        },
        "content": "class Command {"
      },
      {
        "lineNumber": 7,
        "author": {
          "gitId": "adi-kd0021"
        },
        "content": ""
      },
      {
        "lineNumber": 8,
        "author": {
          "gitId": "adi-kd0021"
        },
        "content": "    protected TransactionList transactionList;"
      },
      {
        "lineNumber": 9,
        "author": {
          "gitId": "adi-kd0021"
        },
        "content": "    private int targetIndex \u003d -1;"
      },
      {
        "lineNumber": 10,
        "author": {
          "gitId": "adi-kd0021"
        },
        "content": ""
      },
      {
        "lineNumber": 11,
        "author": {
          "gitId": "adi-kd0021"
        },
        "content": "    public Command(int targetIndex) {"
      },
      {
        "lineNumber": 12,
        "author": {
          "gitId": "adi-kd0021"
        },
        "content": "        this.setTargetIndex(targetIndex);"
      },
      {
        "lineNumber": 13,
        "author": {
          "gitId": "adi-kd0021"
        },
        "content": "    }"
      },
      {
        "lineNumber": 14,
        "author": {
          "gitId": "adi-kd0021"
        },
        "content": ""
      },
      {
        "lineNumber": 15,
        "author": {
          "gitId": "adi-kd0021"
        },
        "content": "    protected Command() {"
      },
      {
        "lineNumber": 16,
        "author": {
          "gitId": "adi-kd0021"
        },
        "content": "    }"
      },
      {
        "lineNumber": 17,
        "author": {
          "gitId": "adi-kd0021"
        },
        "content": ""
      },
      {
        "lineNumber": 18,
        "author": {
          "gitId": "adi-kd0021"
        },
        "content": "    /**"
      },
      {
        "lineNumber": 19,
        "author": {
          "gitId": "adi-kd0021"
        },
        "content": "     * Executes the command and returns the result."
      },
      {
        "lineNumber": 20,
        "author": {
          "gitId": "adi-kd0021"
        },
        "content": "     */"
      },
      {
        "lineNumber": 21,
        "author": {
          "gitId": "adi-kd0021"
        },
        "content": "    public CommandResult execute() {"
      },
      {
        "lineNumber": 22,
        "author": {
          "gitId": "adi-kd0021"
        },
        "content": "        throw new UnsupportedOperationException(\"This method is to be implemented by child classes\");"
      },
      {
        "lineNumber": 23,
        "author": {
          "gitId": "adi-kd0021"
        },
        "content": "    }"
      },
      {
        "lineNumber": 24,
        "author": {
          "gitId": "adi-kd0021"
        },
        "content": ""
      },
      {
        "lineNumber": 25,
        "author": {
          "gitId": "adi-kd0021"
        },
        "content": "    public int getTargetIndex() {"
      },
      {
        "lineNumber": 26,
        "author": {
          "gitId": "adi-kd0021"
        },
        "content": "        return targetIndex;"
      },
      {
        "lineNumber": 27,
        "author": {
          "gitId": "adi-kd0021"
        },
        "content": "    }"
      },
      {
        "lineNumber": 28,
        "author": {
          "gitId": "adi-kd0021"
        },
        "content": ""
      },
      {
        "lineNumber": 29,
        "author": {
          "gitId": "adi-kd0021"
        },
        "content": "    public void setTargetIndex(int targetIndex) {"
      },
      {
        "lineNumber": 30,
        "author": {
          "gitId": "adi-kd0021"
        },
        "content": "        this.targetIndex \u003d targetIndex;"
      },
      {
        "lineNumber": 31,
        "author": {
          "gitId": "adi-kd0021"
        },
        "content": "    }"
      },
      {
        "lineNumber": 32,
        "author": {
          "gitId": "adi-kd0021"
        },
        "content": "}"
      },
      {
        "lineNumber": 33,
        "author": {
          "gitId": "adi-kd0021"
        },
        "content": ""
      }
    ],
    "authorContributionMap": {
      "adi-kd0021": 33
    }
  },
  {
    "path": "src/main/java/seedu/duke/commands/CommandResult.java",
    "fileType": "functional-code",
    "lines": [
      {
        "lineNumber": 1,
        "author": {
          "gitId": "adi-kd0021"
        },
        "content": "package seedu.duke.commands;"
      },
      {
        "lineNumber": 2,
        "author": {
          "gitId": "adi-kd0021"
        },
        "content": ""
      },
      {
        "lineNumber": 3,
        "author": {
          "gitId": "adi-kd0021"
        },
        "content": "import seedu.duke.data.ReadOnlyTransaction;"
      },
      {
        "lineNumber": 4,
        "author": {
          "gitId": "adi-kd0021"
        },
        "content": ""
      },
      {
        "lineNumber": 5,
        "author": {
          "gitId": "adi-kd0021"
        },
        "content": "import java.util.ArrayList;"
      },
      {
        "lineNumber": 6,
        "author": {
          "gitId": "adi-kd0021"
        },
        "content": "import java.util.List;"
      },
      {
        "lineNumber": 7,
        "author": {
          "gitId": "skyventus"
        },
        "content": "import java.util.Optional;"
      },
      {
        "lineNumber": 8,
        "author": {
          "gitId": "adi-kd0021"
        },
        "content": ""
      },
      {
        "lineNumber": 9,
        "author": {
          "gitId": "adi-kd0021"
        },
        "content": "public class CommandResult {"
      },
      {
        "lineNumber": 10,
        "author": {
          "gitId": "adi-kd0021"
        },
        "content": ""
      },
      {
        "lineNumber": 11,
        "author": {
          "gitId": "adi-kd0021"
        },
        "content": "    /**"
      },
      {
        "lineNumber": 12,
        "author": {
          "gitId": "adi-kd0021"
        },
        "content": "     * The feedback message to be shown to the user. Contains a description of the execution result."
      },
      {
        "lineNumber": 13,
        "author": {
          "gitId": "adi-kd0021"
        },
        "content": "     */"
      },
      {
        "lineNumber": 14,
        "author": {
          "gitId": "adi-kd0021"
        },
        "content": "    public final String feedbackToUser;"
      },
      {
        "lineNumber": 15,
        "author": {
          "gitId": "adi-kd0021"
        },
        "content": ""
      },
      {
        "lineNumber": 16,
        "author": {
          "gitId": "adi-kd0021"
        },
        "content": "    private final List\u003c? extends ReadOnlyTransaction\u003e transaction;"
      },
      {
        "lineNumber": 17,
        "author": {
          "gitId": "adi-kd0021"
        },
        "content": ""
      },
      {
        "lineNumber": 18,
        "author": {
          "gitId": "adi-kd0021"
        },
        "content": ""
      },
      {
        "lineNumber": 19,
        "author": {
          "gitId": "adi-kd0021"
        },
        "content": "    public CommandResult(String feedbackToUser) {"
      },
      {
        "lineNumber": 20,
        "author": {
          "gitId": "adi-kd0021"
        },
        "content": "        this.feedbackToUser \u003d feedbackToUser;"
      },
      {
        "lineNumber": 21,
        "author": {
          "gitId": "adi-kd0021"
        },
        "content": "        transaction \u003d null;"
      },
      {
        "lineNumber": 22,
        "author": {
          "gitId": "adi-kd0021"
        },
        "content": "    }"
      },
      {
        "lineNumber": 23,
        "author": {
          "gitId": "adi-kd0021"
        },
        "content": ""
      },
      {
        "lineNumber": 24,
        "author": {
          "gitId": "adi-kd0021"
        },
        "content": "    public CommandResult(String feedbackToUser, List\u003c? extends ReadOnlyTransaction\u003e transaction) {"
      },
      {
        "lineNumber": 25,
        "author": {
          "gitId": "adi-kd0021"
        },
        "content": "        this.feedbackToUser \u003d feedbackToUser;"
      },
      {
        "lineNumber": 26,
        "author": {
          "gitId": "adi-kd0021"
        },
        "content": "        this.transaction \u003d transaction;"
      },
      {
        "lineNumber": 27,
        "author": {
          "gitId": "adi-kd0021"
        },
        "content": "    }"
      },
      {
        "lineNumber": 28,
        "author": {
          "gitId": "skyventus"
        },
        "content": ""
      },
      {
        "lineNumber": 29,
        "author": {
          "gitId": "skyventus"
        },
        "content": "    public Optional\u003cList\u003c? extends ReadOnlyTransaction\u003e\u003e getRelevantPersons() {"
      },
      {
        "lineNumber": 30,
        "author": {
          "gitId": "skyventus"
        },
        "content": "        return Optional.ofNullable(transaction);"
      },
      {
        "lineNumber": 31,
        "author": {
          "gitId": "skyventus"
        },
        "content": "    }"
      },
      {
        "lineNumber": 32,
        "author": {
          "gitId": "adi-kd0021"
        },
        "content": "}"
      }
    ],
    "authorContributionMap": {
      "skyventus": 5,
      "adi-kd0021": 27
    }
  },
  {
    "path": "src/main/java/seedu/duke/commands/DeleteCommand.java",
    "fileType": "functional-code",
    "lines": [
      {
        "lineNumber": 1,
        "author": {
          "gitId": "adi-kd0021"
        },
        "content": "package seedu.duke.commands;"
      },
      {
        "lineNumber": 2,
        "author": {
          "gitId": "adi-kd0021"
        },
        "content": ""
      },
      {
        "lineNumber": 3,
        "author": {
          "gitId": "adi-kd0021"
        },
        "content": "public class DeleteCommand {"
      },
      {
        "lineNumber": 4,
        "author": {
          "gitId": "adi-kd0021"
        },
        "content": "}"
      }
    ],
    "authorContributionMap": {
      "adi-kd0021": 4
    }
  },
  {
    "path": "src/main/java/seedu/duke/commands/SearchCommand.java",
    "fileType": "functional-code",
    "lines": [
      {
        "lineNumber": 1,
        "author": {
          "gitId": "adi-kd0021"
        },
        "content": "package seedu.duke.commands;"
      },
      {
        "lineNumber": 2,
        "author": {
          "gitId": "adi-kd0021"
        },
        "content": ""
      },
      {
        "lineNumber": 3,
        "author": {
          "gitId": "adi-kd0021"
        },
        "content": "public class SearchCommand {"
      },
      {
        "lineNumber": 4,
        "author": {
          "gitId": "adi-kd0021"
        },
        "content": "}"
      }
    ],
    "authorContributionMap": {
      "adi-kd0021": 4
    }
  },
  {
    "path": "src/main/java/seedu/duke/commands/TotalCommand.java",
    "fileType": "functional-code",
    "lines": [
      {
        "lineNumber": 1,
        "author": {
          "gitId": "adi-kd0021"
        },
        "content": "package seedu.duke.commands;"
      },
      {
        "lineNumber": 2,
        "author": {
          "gitId": "adi-kd0021"
        },
        "content": ""
      },
      {
        "lineNumber": 3,
        "author": {
          "gitId": "skyventus"
        },
        "content": "import seedu.duke.data.Transaction;"
      },
      {
        "lineNumber": 4,
        "author": {
          "gitId": "skyventus"
        },
        "content": ""
      },
      {
        "lineNumber": 5,
        "author": {
          "gitId": "skyventus"
        },
        "content": "import java.util.List;"
      },
      {
        "lineNumber": 6,
        "author": {
          "gitId": "skyventus"
        },
        "content": ""
      },
      {
        "lineNumber": 7,
        "author": {
          "gitId": "skyventus"
        },
        "content": "public class TotalCommand extends Command {"
      },
      {
        "lineNumber": 8,
        "author": {
          "gitId": "skyventus"
        },
        "content": "    public static final String COMMAND_WORD \u003d \"total\";"
      },
      {
        "lineNumber": 9,
        "author": {
          "gitId": "skyventus"
        },
        "content": ""
      },
      {
        "lineNumber": 10,
        "author": {
          "gitId": "skyventus"
        },
        "content": "    public static final String MESSAGE_USAGE \u003d COMMAND_WORD"
      },
      {
        "lineNumber": 11,
        "author": {
          "gitId": "skyventus"
        },
        "content": "            + \": Displays all the transaction in the Expenses Application as a list with index numbers.\\n\""
      },
      {
        "lineNumber": 12,
        "author": {
          "gitId": "skyventus"
        },
        "content": "            + \"Example: \" + COMMAND_WORD;"
      },
      {
        "lineNumber": 13,
        "author": {
          "gitId": "skyventus"
        },
        "content": ""
      },
      {
        "lineNumber": 14,
        "author": {
          "gitId": "skyventus"
        },
        "content": "    @Override"
      },
      {
        "lineNumber": 15,
        "author": {
          "gitId": "skyventus"
        },
        "content": "    public CommandResult execute() {"
      },
      {
        "lineNumber": 16,
        "author": {
          "gitId": "skyventus"
        },
        "content": "        List\u003cTransaction\u003e allTransactions \u003d transactionList.getTransactionList();"
      },
      {
        "lineNumber": 17,
        "author": {
          "gitId": "skyventus"
        },
        "content": "        return new CommandResult(\"All Transaction\", allTransactions);"
      },
      {
        "lineNumber": 18,
        "author": {
          "gitId": "skyventus"
        },
        "content": "    }"
      },
      {
        "lineNumber": 19,
        "author": {
          "gitId": "adi-kd0021"
        },
        "content": "}"
      }
    ],
    "authorContributionMap": {
      "skyventus": 16,
      "adi-kd0021": 3
    }
  },
  {
    "path": "src/main/java/seedu/duke/commands/ViewCommand.java",
    "fileType": "functional-code",
    "lines": [
      {
        "lineNumber": 1,
        "author": {
          "gitId": "adi-kd0021"
        },
        "content": "package seedu.duke.commands;"
      },
      {
        "lineNumber": 2,
        "author": {
          "gitId": "adi-kd0021"
        },
        "content": ""
      },
      {
        "lineNumber": 3,
        "author": {
          "gitId": "adi-kd0021"
        },
        "content": "public class ViewCommand {"
      },
      {
        "lineNumber": 4,
        "author": {
          "gitId": "adi-kd0021"
        },
        "content": "}"
      }
    ],
    "authorContributionMap": {
      "adi-kd0021": 4
    }
  },
  {
    "path": "src/main/java/seedu/duke/data/ReadOnlyTransaction.java",
    "fileType": "functional-code",
    "lines": [
      {
        "lineNumber": 1,
        "author": {
          "gitId": "adi-kd0021"
        },
        "content": "package seedu.duke.data;"
      },
      {
        "lineNumber": 2,
        "author": {
          "gitId": "adi-kd0021"
        },
        "content": ""
      },
      {
        "lineNumber": 3,
        "author": {
          "gitId": "adi-kd0021"
        },
        "content": "public interface ReadOnlyTransaction {"
      },
      {
        "lineNumber": 4,
        "author": {
          "gitId": "adi-kd0021"
        },
        "content": ""
      },
      {
        "lineNumber": 5,
        "author": {
          "gitId": "adi-kd0021"
        },
        "content": "    double getAmount();"
      },
      {
        "lineNumber": 6,
        "author": {
          "gitId": "adi-kd0021"
        },
        "content": ""
      },
      {
        "lineNumber": 7,
        "author": {
          "gitId": "adi-kd0021"
        },
        "content": "    String getDescription();"
      },
      {
        "lineNumber": 8,
        "author": {
          "gitId": "adi-kd0021"
        },
        "content": ""
      },
      {
        "lineNumber": 9,
        "author": {
          "gitId": "adi-kd0021"
        },
        "content": "    String getDate();"
      },
      {
        "lineNumber": 10,
        "author": {
          "gitId": "adi-kd0021"
        },
        "content": ""
      },
      {
        "lineNumber": 11,
        "author": {
          "gitId": "skyventus"
        },
        "content": "    default String getAsTextShowAll() {"
      },
      {
        "lineNumber": 12,
        "author": {
          "gitId": "skyventus"
        },
        "content": "        final StringBuilder builder \u003d new StringBuilder();"
      },
      {
        "lineNumber": 13,
        "author": {
          "gitId": "skyventus"
        },
        "content": "        builder.append(getDate())"
      },
      {
        "lineNumber": 14,
        "author": {
          "gitId": "skyventus"
        },
        "content": "                .append(\" Date: \");"
      },
      {
        "lineNumber": 15,
        "author": {
          "gitId": "skyventus"
        },
        "content": ""
      },
      {
        "lineNumber": 16,
        "author": {
          "gitId": "skyventus"
        },
        "content": "        builder.append(getDescription())"
      },
      {
        "lineNumber": 17,
        "author": {
          "gitId": "skyventus"
        },
        "content": "                .append(\" Description: \");"
      },
      {
        "lineNumber": 18,
        "author": {
          "gitId": "skyventus"
        },
        "content": ""
      },
      {
        "lineNumber": 19,
        "author": {
          "gitId": "skyventus"
        },
        "content": "        builder.append(getAmount())"
      },
      {
        "lineNumber": 20,
        "author": {
          "gitId": "skyventus"
        },
        "content": "                .append(\" Amount: \");"
      },
      {
        "lineNumber": 21,
        "author": {
          "gitId": "skyventus"
        },
        "content": ""
      },
      {
        "lineNumber": 22,
        "author": {
          "gitId": "skyventus"
        },
        "content": "        return builder.toString();"
      },
      {
        "lineNumber": 23,
        "author": {
          "gitId": "skyventus"
        },
        "content": "    }"
      },
      {
        "lineNumber": 24,
        "author": {
          "gitId": "adi-kd0021"
        },
        "content": "}"
      }
    ],
    "authorContributionMap": {
      "skyventus": 13,
      "adi-kd0021": 11
    }
  },
  {
    "path": "src/main/java/seedu/duke/data/Transaction.java",
    "fileType": "functional-code",
    "lines": [
      {
        "lineNumber": 1,
        "author": {
          "gitId": "adi-kd0021"
        },
        "content": "package seedu.duke.data;"
      },
      {
        "lineNumber": 2,
        "author": {
          "gitId": "adi-kd0021"
        },
        "content": ""
      },
      {
        "lineNumber": 3,
        "author": {
          "gitId": "adi-kd0021"
        },
        "content": "public class Transaction implements ReadOnlyTransaction {"
      },
      {
        "lineNumber": 4,
        "author": {
          "gitId": "adi-kd0021"
        },
        "content": ""
      },
      {
        "lineNumber": 5,
        "author": {
          "gitId": "adi-kd0021"
        },
        "content": "    private double amount;"
      },
      {
        "lineNumber": 6,
        "author": {
          "gitId": "adi-kd0021"
        },
        "content": "    private String description;"
      },
      {
        "lineNumber": 7,
        "author": {
          "gitId": "adi-kd0021"
        },
        "content": "    private String date;"
      },
      {
        "lineNumber": 8,
        "author": {
          "gitId": "adi-kd0021"
        },
        "content": ""
      },
      {
        "lineNumber": 9,
        "author": {
          "gitId": "skyventus"
        },
        "content": "    public Transaction(double amount, String description, String date) {"
      },
      {
        "lineNumber": 10,
        "author": {
          "gitId": "skyventus"
        },
        "content": "        this.amount \u003d amount;"
      },
      {
        "lineNumber": 11,
        "author": {
          "gitId": "skyventus"
        },
        "content": "        this.description \u003d description;"
      },
      {
        "lineNumber": 12,
        "author": {
          "gitId": "skyventus"
        },
        "content": "        this.date \u003d date;"
      },
      {
        "lineNumber": 13,
        "author": {
          "gitId": "skyventus"
        },
        "content": "    }"
      },
      {
        "lineNumber": 14,
        "author": {
          "gitId": "adi-kd0021"
        },
        "content": ""
      },
      {
        "lineNumber": 15,
        "author": {
          "gitId": "adi-kd0021"
        },
        "content": "    public double getAmount() {"
      },
      {
        "lineNumber": 16,
        "author": {
          "gitId": "adi-kd0021"
        },
        "content": "        return amount;"
      },
      {
        "lineNumber": 17,
        "author": {
          "gitId": "adi-kd0021"
        },
        "content": "    }"
      },
      {
        "lineNumber": 18,
        "author": {
          "gitId": "adi-kd0021"
        },
        "content": ""
      },
      {
        "lineNumber": 19,
        "author": {
          "gitId": "adi-kd0021"
        },
        "content": "    public void setAmount(int amount) {"
      },
      {
        "lineNumber": 20,
        "author": {
          "gitId": "adi-kd0021"
        },
        "content": "        this.amount \u003d amount;"
      },
      {
        "lineNumber": 21,
        "author": {
          "gitId": "adi-kd0021"
        },
        "content": "    }"
      },
      {
        "lineNumber": 22,
        "author": {
          "gitId": "adi-kd0021"
        },
        "content": ""
      },
      {
        "lineNumber": 23,
        "author": {
          "gitId": "adi-kd0021"
        },
        "content": "    public String getDate() {"
      },
      {
        "lineNumber": 24,
        "author": {
          "gitId": "adi-kd0021"
        },
        "content": "        return date;"
      },
      {
        "lineNumber": 25,
        "author": {
          "gitId": "adi-kd0021"
        },
        "content": "    }"
      },
      {
        "lineNumber": 26,
        "author": {
          "gitId": "adi-kd0021"
        },
        "content": ""
      },
      {
        "lineNumber": 27,
        "author": {
          "gitId": "adi-kd0021"
        },
        "content": "    public void setDate(String date) {"
      },
      {
        "lineNumber": 28,
        "author": {
          "gitId": "adi-kd0021"
        },
        "content": "        this.date \u003d date;"
      },
      {
        "lineNumber": 29,
        "author": {
          "gitId": "adi-kd0021"
        },
        "content": "    }"
      },
      {
        "lineNumber": 30,
        "author": {
          "gitId": "adi-kd0021"
        },
        "content": ""
      },
      {
        "lineNumber": 31,
        "author": {
          "gitId": "adi-kd0021"
        },
        "content": "    public String getDescription() {"
      },
      {
        "lineNumber": 32,
        "author": {
          "gitId": "adi-kd0021"
        },
        "content": "        return description;"
      },
      {
        "lineNumber": 33,
        "author": {
          "gitId": "adi-kd0021"
        },
        "content": "    }"
      },
      {
        "lineNumber": 34,
        "author": {
          "gitId": "adi-kd0021"
        },
        "content": ""
      },
      {
        "lineNumber": 35,
        "author": {
          "gitId": "adi-kd0021"
        },
        "content": "    public void setDescription(String description) {"
      },
      {
        "lineNumber": 36,
        "author": {
          "gitId": "adi-kd0021"
        },
        "content": "        this.description \u003d description;"
      },
      {
        "lineNumber": 37,
        "author": {
          "gitId": "adi-kd0021"
        },
        "content": "    }"
      },
      {
        "lineNumber": 38,
        "author": {
          "gitId": "adi-kd0021"
        },
        "content": ""
      },
      {
        "lineNumber": 39,
        "author": {
          "gitId": "adi-kd0021"
        },
        "content": "    /**"
      },
      {
        "lineNumber": 40,
        "author": {
          "gitId": "skyventus"
        },
        "content": "     * To display task in String format."
      },
      {
        "lineNumber": 41,
        "author": {
          "gitId": "adi-kd0021"
        },
        "content": "     *"
      },
      {
        "lineNumber": 42,
        "author": {
          "gitId": "adi-kd0021"
        },
        "content": "     * @return"
      },
      {
        "lineNumber": 43,
        "author": {
          "gitId": "adi-kd0021"
        },
        "content": "     */"
      },
      {
        "lineNumber": 44,
        "author": {
          "gitId": "adi-kd0021"
        },
        "content": "    public String toString() {"
      },
      {
        "lineNumber": 45,
        "author": {
          "gitId": "adi-kd0021"
        },
        "content": "        return String.format(\"%s Date:%s Amount:$%.2f\", this.getDescription(), this.getDate(), this.getAmount());"
      },
      {
        "lineNumber": 46,
        "author": {
          "gitId": "adi-kd0021"
        },
        "content": "    }"
      },
      {
        "lineNumber": 47,
        "author": {
          "gitId": "adi-kd0021"
        },
        "content": "}"
      }
    ],
    "authorContributionMap": {
      "skyventus": 6,
      "adi-kd0021": 41
    }
  },
  {
    "path": "src/main/java/seedu/duke/data/TransactionList.java",
    "fileType": "functional-code",
    "lines": [
      {
        "lineNumber": 1,
        "author": {
          "gitId": "adi-kd0021"
        },
        "content": "package seedu.duke.data;"
      },
      {
        "lineNumber": 2,
        "author": {
          "gitId": "adi-kd0021"
        },
        "content": ""
      },
      {
        "lineNumber": 3,
        "author": {
          "gitId": "adi-kd0021"
        },
        "content": "import java.util.ArrayList;"
      },
      {
        "lineNumber": 4,
        "author": {
          "gitId": "skyventus"
        },
        "content": "import java.util.Iterator;"
      },
      {
        "lineNumber": 5,
        "author": {
          "gitId": "adi-kd0021"
        },
        "content": "import java.util.List;"
      },
      {
        "lineNumber": 6,
        "author": {
          "gitId": "adi-kd0021"
        },
        "content": ""
      },
      {
        "lineNumber": 7,
        "author": {
          "gitId": "skyventus"
        },
        "content": "public class TransactionList implements Iterable\u003cTransaction\u003e {"
      },
      {
        "lineNumber": 8,
        "author": {
          "gitId": "adi-kd0021"
        },
        "content": ""
      },
      {
        "lineNumber": 9,
        "author": {
          "gitId": "skyventus"
        },
        "content": "    private final List\u003cTransaction\u003e internalTransactionList;"
      },
      {
        "lineNumber": 10,
        "author": {
          "gitId": "adi-kd0021"
        },
        "content": ""
      },
      {
        "lineNumber": 11,
        "author": {
          "gitId": "adi-kd0021"
        },
        "content": ""
      },
      {
        "lineNumber": 12,
        "author": {
          "gitId": "adi-kd0021"
        },
        "content": "    public TransactionList(List\u003cTransaction\u003e transactionList) {"
      },
      {
        "lineNumber": 13,
        "author": {
          "gitId": "skyventus"
        },
        "content": "        this.internalTransactionList \u003d new ArrayList\u003c\u003e();"
      },
      {
        "lineNumber": 14,
        "author": {
          "gitId": "adi-kd0021"
        },
        "content": "    }"
      },
      {
        "lineNumber": 15,
        "author": {
          "gitId": "adi-kd0021"
        },
        "content": ""
      },
      {
        "lineNumber": 16,
        "author": {
          "gitId": "skyventus"
        },
        "content": "    public List\u003cTransaction\u003e getTransactionList() {"
      },
      {
        "lineNumber": 17,
        "author": {
          "gitId": "skyventus"
        },
        "content": "        return internalTransactionList;"
      },
      {
        "lineNumber": 18,
        "author": {
          "gitId": "skyventus"
        },
        "content": "    }"
      },
      {
        "lineNumber": 19,
        "author": {
          "gitId": "skyventus"
        },
        "content": ""
      },
      {
        "lineNumber": 20,
        "author": {
          "gitId": "skyventus"
        },
        "content": "    @Override"
      },
      {
        "lineNumber": 21,
        "author": {
          "gitId": "skyventus"
        },
        "content": "    public Iterator\u003cTransaction\u003e iterator() {"
      },
      {
        "lineNumber": 22,
        "author": {
          "gitId": "skyventus"
        },
        "content": "        return internalTransactionList.iterator();"
      },
      {
        "lineNumber": 23,
        "author": {
          "gitId": "skyventus"
        },
        "content": "    }"
      },
      {
        "lineNumber": 24,
        "author": {
          "gitId": "adi-kd0021"
        },
        "content": "}"
      }
    ],
    "authorContributionMap": {
      "skyventus": 12,
      "adi-kd0021": 12
    }
  },
  {
    "path": "src/main/java/seedu/duke/utilities/Parser.java",
    "fileType": "functional-code",
    "lines": [
      {
        "lineNumber": 1,
        "author": {
          "gitId": "adi-kd0021"
        },
        "content": "package seedu.duke.utilities;"
      },
      {
        "lineNumber": 2,
        "author": {
          "gitId": "adi-kd0021"
        },
        "content": ""
      },
      {
        "lineNumber": 3,
        "author": {
          "gitId": "adi-kd0021"
        },
        "content": "public class Parser {"
      },
      {
        "lineNumber": 4,
        "author": {
          "gitId": "adi-kd0021"
        },
        "content": ""
      },
      {
        "lineNumber": 5,
        "author": {
          "gitId": "adi-kd0021"
        },
        "content": "}"
      }
    ],
    "authorContributionMap": {
      "adi-kd0021": 5
    }
  },
  {
    "path": "src/main/java/seedu/duke/utilities/Storage.java",
    "fileType": "functional-code",
    "lines": [
      {
        "lineNumber": 1,
        "author": {
          "gitId": "adi-kd0021"
        },
        "content": "package seedu.duke.utilities;"
      },
      {
        "lineNumber": 2,
        "author": {
          "gitId": "adi-kd0021"
        },
        "content": ""
      },
      {
        "lineNumber": 3,
        "author": {
          "gitId": "adi-kd0021"
        },
        "content": "public class Storage {"
      },
      {
        "lineNumber": 4,
        "author": {
          "gitId": "adi-kd0021"
        },
        "content": "}"
      }
    ],
    "authorContributionMap": {
      "adi-kd0021": 4
    }
  },
  {
    "path": "src/main/java/seedu/duke/utilities/Ui.java",
    "fileType": "functional-code",
    "lines": [
      {
        "lineNumber": 1,
        "author": {
          "gitId": "adi-kd0021"
        },
        "content": "package seedu.duke.utilities;"
      },
      {
        "lineNumber": 2,
        "author": {
          "gitId": "adi-kd0021"
        },
        "content": ""
      },
      {
        "lineNumber": 3,
        "author": {
          "gitId": "adi-kd0021"
        },
        "content": "import java.util.Scanner;"
      },
      {
        "lineNumber": 4,
        "author": {
          "gitId": "adi-kd0021"
        },
        "content": ""
      },
      {
        "lineNumber": 5,
        "author": {
          "gitId": "adi-kd0021"
        },
        "content": "/**"
      },
      {
        "lineNumber": 6,
        "author": {
          "gitId": "skyventus"
        },
        "content": " * Display / Show to user stuffs."
      },
      {
        "lineNumber": 7,
        "author": {
          "gitId": "adi-kd0021"
        },
        "content": " */"
      },
      {
        "lineNumber": 8,
        "author": {
          "gitId": "adi-kd0021"
        },
        "content": "public class Ui {"
      },
      {
        "lineNumber": 9,
        "author": {
          "gitId": "adi-kd0021"
        },
        "content": "    private Scanner in;"
      },
      {
        "lineNumber": 10,
        "author": {
          "gitId": "adi-kd0021"
        },
        "content": ""
      },
      {
        "lineNumber": 11,
        "author": {
          "gitId": "adi-kd0021"
        },
        "content": "    public Ui() {"
      },
      {
        "lineNumber": 12,
        "author": {
          "gitId": "adi-kd0021"
        },
        "content": "        in \u003d new Scanner(System.in);"
      },
      {
        "lineNumber": 13,
        "author": {
          "gitId": "adi-kd0021"
        },
        "content": "    }"
      },
      {
        "lineNumber": 14,
        "author": {
          "gitId": "adi-kd0021"
        },
        "content": ""
      },
      {
        "lineNumber": 15,
        "author": {
          "gitId": "adi-kd0021"
        },
        "content": "    /**"
      },
      {
        "lineNumber": 16,
        "author": {
          "gitId": "skyventus"
        },
        "content": "     * Read in the next input line."
      },
      {
        "lineNumber": 17,
        "author": {
          "gitId": "adi-kd0021"
        },
        "content": "     * @return"
      },
      {
        "lineNumber": 18,
        "author": {
          "gitId": "adi-kd0021"
        },
        "content": "     */"
      },
      {
        "lineNumber": 19,
        "author": {
          "gitId": "adi-kd0021"
        },
        "content": "    public String readUserCommand() {"
      },
      {
        "lineNumber": 20,
        "author": {
          "gitId": "adi-kd0021"
        },
        "content": ""
      },
      {
        "lineNumber": 21,
        "author": {
          "gitId": "adi-kd0021"
        },
        "content": "        return in.nextLine().trim();"
      },
      {
        "lineNumber": 22,
        "author": {
          "gitId": "adi-kd0021"
        },
        "content": "    }"
      },
      {
        "lineNumber": 23,
        "author": {
          "gitId": "adi-kd0021"
        },
        "content": ""
      },
      {
        "lineNumber": 24,
        "author": {
          "gitId": "adi-kd0021"
        },
        "content": "    /**"
      },
      {
        "lineNumber": 25,
        "author": {
          "gitId": "skyventus"
        },
        "content": "     * Close the inputstream."
      },
      {
        "lineNumber": 26,
        "author": {
          "gitId": "skyventus"
        },
        "content": "     *"
      },
      {
        "lineNumber": 27,
        "author": {
          "gitId": "adi-kd0021"
        },
        "content": "     */"
      },
      {
        "lineNumber": 28,
        "author": {
          "gitId": "adi-kd0021"
        },
        "content": "    public void endInputFeed() {"
      },
      {
        "lineNumber": 29,
        "author": {
          "gitId": "adi-kd0021"
        },
        "content": "        in.close();"
      },
      {
        "lineNumber": 30,
        "author": {
          "gitId": "adi-kd0021"
        },
        "content": "    }"
      },
      {
        "lineNumber": 31,
        "author": {
          "gitId": "adi-kd0021"
        },
        "content": ""
      },
      {
        "lineNumber": 32,
        "author": {
          "gitId": "skyventus"
        },
        "content": ""
      },
      {
        "lineNumber": 33,
        "author": {
          "gitId": "adi-kd0021"
        },
        "content": "    public static void showToUser(String message) {"
      },
      {
        "lineNumber": 34,
        "author": {
          "gitId": "adi-kd0021"
        },
        "content": "        System.out.println(message);"
      },
      {
        "lineNumber": 35,
        "author": {
          "gitId": "adi-kd0021"
        },
        "content": "    }"
      },
      {
        "lineNumber": 36,
        "author": {
          "gitId": "adi-kd0021"
        },
        "content": "}"
      }
    ],
    "authorContributionMap": {
      "skyventus": 5,
      "adi-kd0021": 31
    }
  },
  {
    "path": "text-ui-test/input.txt",
    "fileType": "other",
    "lines": [
      {
        "lineNumber": 1,
        "author": {
          "gitId": "-"
        },
        "content": "James Gosling"
      },
      {
        "lineNumber": 2,
        "author": {
          "gitId": "adi-kd0021"
        },
        "content": "EXIT"
      }
    ],
    "authorContributionMap": {
      "-": 1,
      "adi-kd0021": 1
    }
  }
]
