{
  "authorDailyContributionsMap": {
    "Chilaiping": [],
    "skyventus": [
      {
        "date": "2020-09-26",
        "commitResults": [
          {
            "hash": "be9c936c890221a768f6ab7515ce9a99136bfc7d",
            "messageTitle": "Fixing CheckStyle errors",
            "messageBody": "",
            "fileTypesAndContributionMap": {
              "functional-code": {
                "insertions": 6,
                "deletions": 10
              }
            }
          }
        ]
      },
      {
        "date": "2020-10-09",
        "commitResults": [
          {
            "hash": "e631424cce8f1d7833bc9ce3250bf9eeb0345275",
            "messageTitle": "[Total Command] Skeleton for Total Command.",
            "messageBody": "",
            "fileTypesAndContributionMap": {
              "functional-code": {
                "insertions": 51,
                "deletions": 8
              }
            }
          }
        ]
      }
    ],
    "timmyly7": [],
    "adi-kd0021": [
      {
        "date": "2020-09-22",
        "commitResults": [
          {
            "hash": "3c7679eb437300b1e31b662cc34958defba7ecb8",
            "messageTitle": "v0.1 Baseline",
            "messageBody": "",
            "fileTypesAndContributionMap": {
              "functional-code": {
                "insertions": 99,
                "deletions": 0
              },
              "other": {
                "insertions": 3,
                "deletions": 2
              }
            }
          }
        ]
      },
      {
        "date": "2020-10-08",
        "commitResults": [
          {
            "hash": "621aea9b896fe129baa56681a5e4bb085cd2c20b",
            "messageTitle": "v1.0 Skeleton",
            "messageBody": "",
            "fileTypesAndContributionMap": {
              "functional-code": {
                "insertions": 136,
                "deletions": 1
              },
              "other": {
                "insertions": 11,
                "deletions": 7
              }
            }
          },
          {
            "hash": "f8ef2cdddae9e460a05ff6bbd0a246f401047169",
            "messageTitle": "v1.0 Skeleton *Fix Checkstyle",
            "messageBody": "",
            "fileTypesAndContributionMap": {
              "functional-code": {
                "insertions": 5,
                "deletions": 13
              }
            }
          },
          {
            "hash": "7c9648247bb736ed6b68466f73bd2f67a1f2a889",
            "messageTitle": "v1.0 Skeleton *Fix Checkstyle Again",
            "messageBody": "",
            "fileTypesAndContributionMap": {
              "functional-code": {
                "insertions": 15,
                "deletions": 15
              }
            }
          },
          {
            "hash": "2bfa4c08d015da6685fa7811629a1375255ff9b2",
            "messageTitle": "v1.0 Skeleton *Fix Checkstyle Again AGAIN",
            "messageBody": "",
            "fileTypesAndContributionMap": {
              "functional-code": {
                "insertions": 4,
                "deletions": 1
              }
            }
          },
          {
            "hash": "c94dcbfba20e6f8d89f2739a6dc777fc37116eb2",
            "messageTitle": "v1.0 Skeleton *Fix Checkstyle Again AGAIN AGIANIGNAIN",
            "messageBody": "",
            "fileTypesAndContributionMap": {
              "functional-code": {
                "insertions": 1,
                "deletions": 11
              },
              "other": {
                "insertions": 9,
                "deletions": 1
              }
            }
          }
        ]
      }
    ],
    "e0261618": [
      {
        "date": "2020-09-22",
        "commitResults": [
          {
            "hash": "aa5252ed308038e279ebd650bdeba737766f73e9",
            "messageTitle": "testing",
            "messageBody": "",
            "fileTypesAndContributionMap": {
              "functional-code": {
                "insertions": 1,
                "deletions": 0
              }
            }
          }
        ]
      }
    ]
  },
  "authorFileTypeContributionMap": {
    "Chilaiping": {
      "docs": 0,
      "functional-code": 0,
      "test-code": 0
    },
    "skyventus": {
      "docs": 0,
      "functional-code": 57,
      "test-code": 0
    },
    "timmyly7": {
      "docs": 0,
      "functional-code": 0,
      "test-code": 0
    },
    "adi-kd0021": {
      "docs": 0,
      "functional-code": 218,
      "test-code": 0,
      "other": 9
    },
    "e0261618": {
      "docs": 0,
      "functional-code": 0,
      "test-code": 0
    }
  },
  "authorContributionVariance": {
    "Chilaiping": 0.0,
    "skyventus": 63.8301,
    "timmyly7": 0.0,
    "adi-kd0021": 1083.4891,
    "e0261618": 0.017236076
  },
  "authorDisplayNameMap": {
    "Chilaiping": "TIC4001-4 CHI ..PING",
    "skyventus": "TIC4001-4 OLIV..N DA",
    "timmyly7": "TIC4001-4 LI Y..I YI",
    "adi-kd0021": "TIC4001-4 ADI ..KARI",
    "e0261618": "TIC4001-4 HNGO.. WEN"
  }
}
