{
  "authorDailyContributionsMap": {
    "Chilaiping": [],
    "skyventus": [
      {
        "date": "2020-09-26",
        "commitResults": [
          {
            "hash": "be9c936c890221a768f6ab7515ce9a99136bfc7d",
            "messageTitle": "Fixing CheckStyle errors",
            "messageBody": "",
            "fileTypesAndContributionMap": {
              "functional-code": {
                "insertions": 6,
                "deletions": 10
              }
            }
          }
        ]
      },
      {
        "date": "2020-10-09",
        "commitResults": [
          {
            "hash": "e631424cce8f1d7833bc9ce3250bf9eeb0345275",
            "messageTitle": "[Total Command] Skeleton for Total Command.",
            "messageBody": "",
            "fileTypesAndContributionMap": {
              "functional-code": {
                "insertions": 51,
                "deletions": 8
              }
            }
          }
        ]
      }
    ],
    "timmyly7": [
      {
        "date": "2020-10-12",
        "commitResults": [
          {
            "hash": "9a76592099060a6b956b03622527f04f494e30cb",
            "messageTitle": "Parser Util Commit",
            "messageBody": "",
            "fileTypesAndContributionMap": {
              "functional-code": {
                "insertions": 129,
                "deletions": 7
              }
            }
          },
          {
            "hash": "5cf851aee505432da042992e1c17ad62043af343",
            "messageTitle": "Style check",
            "messageBody": "",
            "fileTypesAndContributionMap": {
              "functional-code": {
                "insertions": 38,
                "deletions": 31
              }
            }
          },
          {
            "hash": "2e3c7d3ec03135b01e3787b10b76adf5bb73e1b0",
            "messageTitle": "Add function added",
            "messageBody": "",
            "fileTypesAndContributionMap": {
              "functional-code": {
                "insertions": 118,
                "deletions": 4
              }
            }
          }
        ]
      },
      {
        "date": "2020-10-13",
        "commitResults": [
          {
            "hash": "931c2a12c0fff5cd66c2ea8fa3e20997cfb6f357",
            "messageTitle": "Style check",
            "messageBody": "",
            "fileTypesAndContributionMap": {
              "functional-code": {
                "insertions": 2,
                "deletions": 2
              }
            }
          },
          {
            "hash": "f93be34827faf9715089d1aad3faee4cee7ae8af",
            "messageTitle": "Style check",
            "messageBody": "",
            "fileTypesAndContributionMap": {
              "functional-code": {
                "insertions": 2,
                "deletions": 13
              }
            }
          }
        ]
      }
    ],
    "adi-kd0021": [
      {
        "date": "2020-09-22",
        "commitResults": [
          {
            "hash": "3c7679eb437300b1e31b662cc34958defba7ecb8",
            "messageTitle": "v0.1 Baseline",
            "messageBody": "",
            "fileTypesAndContributionMap": {
              "functional-code": {
                "insertions": 99,
                "deletions": 0
              },
              "other": {
                "insertions": 3,
                "deletions": 2
              }
            }
          }
        ]
      },
      {
        "date": "2020-10-08",
        "commitResults": [
          {
            "hash": "621aea9b896fe129baa56681a5e4bb085cd2c20b",
            "messageTitle": "v1.0 Skeleton",
            "messageBody": "",
            "fileTypesAndContributionMap": {
              "functional-code": {
                "insertions": 136,
                "deletions": 1
              },
              "other": {
                "insertions": 11,
                "deletions": 7
              }
            }
          },
          {
            "hash": "f8ef2cdddae9e460a05ff6bbd0a246f401047169",
            "messageTitle": "v1.0 Skeleton *Fix Checkstyle",
            "messageBody": "",
            "fileTypesAndContributionMap": {
              "functional-code": {
                "insertions": 5,
                "deletions": 13
              }
            }
          },
          {
            "hash": "7c9648247bb736ed6b68466f73bd2f67a1f2a889",
            "messageTitle": "v1.0 Skeleton *Fix Checkstyle Again",
            "messageBody": "",
            "fileTypesAndContributionMap": {
              "functional-code": {
                "insertions": 15,
                "deletions": 15
              }
            }
          },
          {
            "hash": "2bfa4c08d015da6685fa7811629a1375255ff9b2",
            "messageTitle": "v1.0 Skeleton *Fix Checkstyle Again AGAIN",
            "messageBody": "",
            "fileTypesAndContributionMap": {
              "functional-code": {
                "insertions": 4,
                "deletions": 1
              }
            }
          },
          {
            "hash": "c94dcbfba20e6f8d89f2739a6dc777fc37116eb2",
            "messageTitle": "v1.0 Skeleton *Fix Checkstyle Again AGAIN AGIANIGNAIN",
            "messageBody": "",
            "fileTypesAndContributionMap": {
              "functional-code": {
                "insertions": 1,
                "deletions": 11
              },
              "other": {
                "insertions": 9,
                "deletions": 1
              }
            }
          }
        ]
      },
      {
        "date": "2020-10-14",
        "commitResults": [
          {
            "hash": "2aa637f51e1a1f14db081ed8d92f6e425d9eddef",
            "messageTitle": "branch-Ui Fixed Addcommand and Parser",
            "messageBody": "",
            "fileTypesAndContributionMap": {
              "functional-code": {
                "insertions": 251,
                "deletions": 84
              }
            }
          },
          {
            "hash": "2eb44d0042c5ec24d7ef8c10f45c68f5615285eb",
            "messageTitle": "Fixed ExitCommand",
            "messageBody": "",
            "fileTypesAndContributionMap": {
              "functional-code": {
                "insertions": 5,
                "deletions": 9
              },
              "other": {
                "insertions": 1,
                "deletions": 2
              }
            }
          },
          {
            "hash": "2f3f3ebbbe785b4ac42f0ec84f956a9078919c7f",
            "messageTitle": "Fixed CheckStyle",
            "messageBody": "",
            "fileTypesAndContributionMap": {
              "functional-code": {
                "insertions": 10,
                "deletions": 4
              }
            }
          }
        ]
      }
    ],
    "e0261618": [
      {
        "date": "2020-09-22",
        "commitResults": [
          {
            "hash": "aa5252ed308038e279ebd650bdeba737766f73e9",
            "messageTitle": "testing",
            "messageBody": "",
            "fileTypesAndContributionMap": {
              "functional-code": {
                "insertions": 1,
                "deletions": 0
              }
            }
          }
        ]
      },
      {
        "date": "2020-10-13",
        "commitResults": [
          {
            "hash": "0034555ec32cb221e830aa036b1119574751064c",
            "messageTitle": "Delete function Added",
            "messageBody": "",
            "fileTypesAndContributionMap": {
              "functional-code": {
                "insertions": 38,
                "deletions": 1
              }
            }
          }
        ]
      }
    ]
  },
  "authorFileTypeContributionMap": {
    "Chilaiping": {
      "docs": 0,
      "functional-code": 0,
      "test-code": 0
    },
    "skyventus": {
      "docs": 0,
      "functional-code": 52,
      "test-code": 0
    },
    "timmyly7": {
      "docs": 0,
      "functional-code": 197,
      "test-code": 0
    },
    "adi-kd0021": {
      "docs": 0,
      "functional-code": 428,
      "test-code": 0,
      "other": 9
    },
    "e0261618": {
      "docs": 0,
      "functional-code": 38,
      "test-code": 0
    }
  },
  "authorContributionVariance": {
    "Chilaiping": 0.0,
    "skyventus": 58.810875,
    "timmyly7": 1699.3401,
    "adi-kd0021": 3060.787,
    "e0261618": 24.132154
  },
  "authorDisplayNameMap": {
    "Chilaiping": "TIC4001-4 CHI ..PING",
    "skyventus": "TIC4001-4 OLIV..N DA",
    "timmyly7": "TIC4001-4 LI Y..I YI",
    "adi-kd0021": "TIC4001-4 ADI ..KARI",
    "e0261618": "TIC4001-4 HNGO.. WEN"
  }
}
