{
  "authorDailyContributionsMap": {
    "Chilaiping": [
      {
        "date": "2020-09-27",
        "commitResults": [
          {
            "hash": "e7b3b4f803a1bd572f6ebd3b93ab6e9b791b4cbd",
            "messageTitle": "A-JUnit: Add JUnit Tests - Added 2 basic Test Case, Add and Delete",
            "messageBody": "",
            "fileTypesAndContributionMap": {
              "test-code": {
                "insertions": 1,
                "deletions": 0
              }
            }
          }
        ]
      },
      {
        "date": "2020-10-14",
        "commitResults": [
          {
            "hash": "69e56d241b281301c5f77927f8ebe46cb1bcf910",
            "messageTitle": "Add View Function",
            "messageBody": "",
            "fileTypesAndContributionMap": {
              "functional-code": {
                "insertions": 30,
                "deletions": 3
              }
            }
          }
        ]
      },
      {
        "date": "2020-10-15",
        "commitResults": [
          {
            "hash": "d40e31bc1c96e2f0e9275d00464ebc8c0f59e1b9",
            "messageTitle": "Add View Function Fix Print out error",
            "messageBody": "",
            "fileTypesAndContributionMap": {
              "functional-code": {
                "insertions": 6,
                "deletions": 2
              }
            }
          },
          {
            "hash": "37b4e95bd28b17e226087b6961e2c8c3ce2434e3",
            "messageTitle": "Revert \"Add View Function Fix Print out error\"",
            "messageBody": "This reverts commit d40e31bc\n",
            "fileTypesAndContributionMap": {
              "functional-code": {
                "insertions": 2,
                "deletions": 6
              }
            }
          },
          {
            "hash": "a769eba99560af982b56ecc0339ea9ddbb2547e7",
            "messageTitle": "Revert Add View Function Fix Print out error",
            "messageBody": "",
            "fileTypesAndContributionMap": {
              "functional-code": {
                "insertions": 6,
                "deletions": 2
              }
            }
          },
          {
            "hash": "90c8e12674b8dfc291f478c6300c4782c8428041",
            "messageTitle": "Revert Add View Function Fix Print out error -1",
            "messageBody": "",
            "fileTypesAndContributionMap": {
              "functional-code": {
                "insertions": 1,
                "deletions": 0
              }
            }
          },
          {
            "hash": "aab8aafa9e4d85bd2b5195a990a01315b5cdcd26",
            "messageTitle": "Add View Function Fix Print out error",
            "messageBody": "",
            "fileTypesAndContributionMap": {
              "functional-code": {
                "insertions": 1,
                "deletions": 0
              }
            }
          },
          {
            "hash": "6581705a736508cf089479f7938849929e2894da",
            "messageTitle": "Cehck style fixed",
            "messageBody": "",
            "fileTypesAndContributionMap": {
              "functional-code": {
                "insertions": 3,
                "deletions": 5
              }
            }
          }
        ]
      },
      {
        "date": "2020-10-16",
        "commitResults": [
          {
            "hash": "32058af76b33c601e75151c836d86cc91835df91",
            "messageTitle": "Added Search JUnit Test",
            "messageBody": "",
            "fileTypesAndContributionMap": {
              "functional-code": {
                "insertions": 6,
                "deletions": 5
              },
              "test-code": {
                "insertions": 41,
                "deletions": 1
              }
            }
          }
        ]
      },
      {
        "date": "2020-10-25",
        "commitResults": [
          {
            "hash": "b146491b5fe96fea656092396dfaceeecae4b2d4",
            "messageTitle": "Added Budget Input and View Function",
            "messageBody": "",
            "fileTypesAndContributionMap": {
              "functional-code": {
                "insertions": 232,
                "deletions": 2
              }
            }
          },
          {
            "hash": "771f31a2ba4c4a5d1c568f5a0d6d9f8f84af67b8",
            "messageTitle": "Rebuild with New Intellij Version",
            "messageBody": "",
            "fileTypesAndContributionMap": {
              "functional-code": {
                "insertions": 0,
                "deletions": 2
              }
            }
          }
        ]
      },
      {
        "date": "2020-10-29",
        "commitResults": [
          {
            "hash": "976a95afcd9cf9435b4cbf91add423cbc7961081",
            "messageTitle": "Junit for Budget Add Test",
            "messageBody": "",
            "fileTypesAndContributionMap": {
              "functional-code": {
                "insertions": 37,
                "deletions": 6
              },
              "test-code": {
                "insertions": 75,
                "deletions": 0
              }
            }
          },
          {
            "hash": "12034657bba7bdf8651543249e4311ac8146ed90",
            "messageTitle": "Userguide Update for Budget Function",
            "messageBody": "",
            "fileTypesAndContributionMap": {
              "docs": {
                "insertions": 11,
                "deletions": 5
              }
            }
          }
        ]
      },
      {
        "date": "2020-11-01",
        "commitResults": [
          {
            "hash": "033374b9938d2399869522d8c7aca0e1d82f1cda",
            "messageTitle": "Added Budget Category, Budget Storage and Delete Budget Function",
            "messageBody": "",
            "fileTypesAndContributionMap": {
              "functional-code": {
                "insertions": 370,
                "deletions": 27
              },
              "docs": {
                "insertions": 2,
                "deletions": 2
              }
            }
          },
          {
            "hash": "1df0ec1e3c43d90af20d6b704752081faee616fa",
            "messageTitle": "Added Budget Category, Budget Storage and Delete Budget Function",
            "messageBody": "",
            "fileTypesAndContributionMap": {
              "functional-code": {
                "insertions": 66,
                "deletions": 50
              }
            }
          }
        ]
      },
      {
        "date": "2020-11-02",
        "commitResults": [
          {
            "hash": "94dac5264a152e10c8787bc52a8053610b18454f",
            "messageTitle": "Added PPP \u0026 added user stories in DG",
            "messageBody": "",
            "fileTypesAndContributionMap": {
              "docs": {
                "insertions": 44,
                "deletions": 1
              }
            }
          }
        ]
      },
      {
        "date": "2020-11-08",
        "commitResults": [
          {
            "hash": "53f36c302feccdcc98d3a3573e7ebc825fb8b5f7",
            "messageTitle": "Updated PPP",
            "messageBody": "",
            "fileTypesAndContributionMap": {
              "docs": {
                "insertions": 7,
                "deletions": 0
              }
            }
          }
        ]
      },
      {
        "date": "2020-11-10",
        "commitResults": [
          {
            "hash": "4e5d5ea0d721797354c25735ca877eb113921652",
            "messageTitle": "Add ViewBudget Object and Sequence Diagram",
            "messageBody": "",
            "fileTypesAndContributionMap": {
              "docs": {
                "insertions": 6,
                "deletions": 3
              }
            }
          },
          {
            "hash": "85ecbe1b6f977528d056cb770e510774924ee19b",
            "messageTitle": "Revised BudgetView Object Diagram \u0026 updated DG, PPP",
            "messageBody": "",
            "fileTypesAndContributionMap": {
              "docs": {
                "insertions": 8,
                "deletions": 5
              }
            }
          }
        ]
      }
    ],
    "skyventus": [
      {
        "date": "2020-09-26",
        "commitResults": [
          {
            "hash": "be9c936c890221a768f6ab7515ce9a99136bfc7d",
            "messageTitle": "Fixing CheckStyle errors",
            "messageBody": "",
            "fileTypesAndContributionMap": {
              "functional-code": {
                "insertions": 6,
                "deletions": 10
              }
            }
          }
        ]
      },
      {
        "date": "2020-10-09",
        "commitResults": [
          {
            "hash": "e631424cce8f1d7833bc9ce3250bf9eeb0345275",
            "messageTitle": "[Total Command] Skeleton for Total Command.",
            "messageBody": "",
            "fileTypesAndContributionMap": {
              "functional-code": {
                "insertions": 51,
                "deletions": 8
              }
            }
          }
        ]
      },
      {
        "date": "2020-10-15",
        "commitResults": [
          {
            "hash": "117b0ea60d31e0348e88c545c5e8b46f797da91b",
            "messageTitle": "[Total Command] Final Code for total",
            "messageBody": "",
            "fileTypesAndContributionMap": {
              "functional-code": {
                "insertions": 11,
                "deletions": 5
              }
            }
          },
          {
            "hash": "9547a01a694b1f144e8dcedec09a0901a27449ee",
            "messageTitle": "[Total Command] Final Code for total",
            "messageBody": "",
            "fileTypesAndContributionMap": {
              "functional-code": {
                "insertions": 7,
                "deletions": 6
              },
              "test-code": {
                "insertions": 75,
                "deletions": 0
              }
            }
          },
          {
            "hash": "ac1257719b79599741696e6428cd231bf9456466",
            "messageTitle": "[Total Command] Final Code for total",
            "messageBody": "",
            "fileTypesAndContributionMap": {
              "test-code": {
                "insertions": 12,
                "deletions": 12
              }
            }
          },
          {
            "hash": "adf95300c4f5444f29940ca441f5ff5854a6a349",
            "messageTitle": "[Unit Test setup] setup data for testing",
            "messageBody": "",
            "fileTypesAndContributionMap": {
              "test-code": {
                "insertions": 3,
                "deletions": 2
              }
            }
          }
        ]
      },
      {
        "date": "2020-10-16",
        "commitResults": [
          {
            "hash": "a03b6b18575ff3d3d08fbe0a04dac9d9026c9da1",
            "messageTitle": "[Unit Test] Pushing Total | Delete | TransactionListTest",
            "messageBody": "",
            "fileTypesAndContributionMap": {
              "test-code": {
                "insertions": 87,
                "deletions": 6
              }
            }
          }
        ]
      },
      {
        "date": "2020-10-23",
        "commitResults": [
          {
            "hash": "c17b2fdb20a8e9cc752327691914474c1dd4ed27",
            "messageTitle": "[Storage - Save] - Save after every commands",
            "messageBody": "",
            "fileTypesAndContributionMap": {
              "functional-code": {
                "insertions": 38,
                "deletions": 0
              }
            }
          },
          {
            "hash": "5d273a1921d529672bc87303a85b4353652dc2f3",
            "messageTitle": "[Storage - Load and Save]  Load at the folder expenese/transactions.txt",
            "messageBody": "",
            "fileTypesAndContributionMap": {
              "functional-code": {
                "insertions": 174,
                "deletions": 7
              }
            }
          },
          {
            "hash": "b244282eb5e60fd2884d71fee595dd27bf36e98f",
            "messageTitle": "[Storage - Save] - remove extra printout",
            "messageBody": "",
            "fileTypesAndContributionMap": {
              "functional-code": {
                "insertions": 0,
                "deletions": 1
              }
            }
          }
        ]
      },
      {
        "date": "2020-10-27",
        "commitResults": [
          {
            "hash": "b2a9738d27bee3d5bf6e929de6f51dcf4b5d6638",
            "messageTitle": "[assertion] adding assertion to all the class.",
            "messageBody": "",
            "fileTypesAndContributionMap": {
              "functional-code": {
                "insertions": 40,
                "deletions": 7
              }
            }
          },
          {
            "hash": "025f745a939161ad3fd379a2604fe26c3260699c",
            "messageTitle": "[assertion] adding assertion messages.",
            "messageBody": "",
            "fileTypesAndContributionMap": {
              "functional-code": {
                "insertions": 9,
                "deletions": 7
              }
            }
          }
        ]
      },
      {
        "date": "2020-10-28",
        "commitResults": [
          {
            "hash": "2b51f59e7998597096cf82594c6102bd858205df",
            "messageTitle": "[assertion] adding assertion messages.",
            "messageBody": "",
            "fileTypesAndContributionMap": {
              "other": {
                "insertions": 1,
                "deletions": 0
              }
            }
          }
        ]
      },
      {
        "date": "2020-10-29",
        "commitResults": [
          {
            "hash": "e90d501c4dd4301f681073f1dd07873eecc04b51",
            "messageTitle": "[JUnit] adding Transaction Storage Test messages with slight amendment on Storage",
            "messageBody": "",
            "fileTypesAndContributionMap": {
              "functional-code": {
                "insertions": 13,
                "deletions": 2
              },
              "test-code": {
                "insertions": 43,
                "deletions": 0
              }
            }
          },
          {
            "hash": "7a5693e0c399cf79a7473b1f09837e38f0fea1f7",
            "messageTitle": "[JUnit] removing valid_format test case due to error",
            "messageBody": "",
            "fileTypesAndContributionMap": {
              "test-code": {
                "insertions": 0,
                "deletions": 9
              }
            }
          },
          {
            "hash": "8d4674ebc1d503e9ee25dc811b22d9ecb8a1844e",
            "messageTitle": "[JUnit] TransactionDecodedTest and TransactionEncodedTest added",
            "messageBody": "",
            "fileTypesAndContributionMap": {
              "test-code": {
                "insertions": 61,
                "deletions": 0
              }
            }
          }
        ]
      },
      {
        "date": "2020-11-01",
        "commitResults": [
          {
            "hash": "1aa8fd1281c383dfe0f016a9b47dce07294b80a4",
            "messageTitle": "[PPP, DG and UserGuide] Added PPP and updated DG and UG.",
            "messageBody": "",
            "fileTypesAndContributionMap": {
              "docs": {
                "insertions": 54,
                "deletions": 5
              }
            }
          }
        ]
      },
      {
        "date": "2020-11-03",
        "commitResults": [
          {
            "hash": "5055e3bc9a3e8c94ed07cf7cd1dfa1af180ee6b3",
            "messageTitle": "[total enhancement] able to key in total with start date and end date as well",
            "messageBody": "",
            "fileTypesAndContributionMap": {
              "functional-code": {
                "insertions": 47,
                "deletions": 3
              }
            }
          },
          {
            "hash": "fa4a5c23c6ce3d5760557b9e158d46d2f6c4221c",
            "messageTitle": "[total enhancement] fixed checkstyle issue",
            "messageBody": "",
            "fileTypesAndContributionMap": {
              "functional-code": {
                "insertions": 2,
                "deletions": 2
              }
            }
          }
        ]
      },
      {
        "date": "2020-11-05",
        "commitResults": [
          {
            "hash": "1f4ab3c4735dc55a6fec11dd938336df45f0e4ee",
            "messageTitle": "[Developer Guide] added documentation for storage",
            "messageBody": "",
            "fileTypesAndContributionMap": {
              "docs": {
                "insertions": 16,
                "deletions": 0
              }
            }
          }
        ]
      },
      {
        "date": "2020-11-06",
        "commitResults": [
          {
            "hash": "7a3abd98bd53234b20a166ae8eb2d96bb48c8ce7",
            "messageTitle": "[Developer Guide] added sequence diagram for total command.",
            "messageBody": "",
            "fileTypesAndContributionMap": {
              "docs": {
                "insertions": 9,
                "deletions": 3
              }
            }
          }
        ]
      }
    ],
    "timmyly7": [
      {
        "date": "2020-10-12",
        "commitResults": [
          {
            "hash": "9a76592099060a6b956b03622527f04f494e30cb",
            "messageTitle": "Parser Util Commit",
            "messageBody": "",
            "fileTypesAndContributionMap": {
              "functional-code": {
                "insertions": 129,
                "deletions": 7
              }
            }
          },
          {
            "hash": "5cf851aee505432da042992e1c17ad62043af343",
            "messageTitle": "Style check",
            "messageBody": "",
            "fileTypesAndContributionMap": {
              "functional-code": {
                "insertions": 38,
                "deletions": 31
              }
            }
          },
          {
            "hash": "2e3c7d3ec03135b01e3787b10b76adf5bb73e1b0",
            "messageTitle": "Add function added",
            "messageBody": "",
            "fileTypesAndContributionMap": {
              "functional-code": {
                "insertions": 118,
                "deletions": 4
              }
            }
          }
        ]
      },
      {
        "date": "2020-10-13",
        "commitResults": [
          {
            "hash": "931c2a12c0fff5cd66c2ea8fa3e20997cfb6f357",
            "messageTitle": "Style check",
            "messageBody": "",
            "fileTypesAndContributionMap": {
              "functional-code": {
                "insertions": 2,
                "deletions": 2
              }
            }
          },
          {
            "hash": "f93be34827faf9715089d1aad3faee4cee7ae8af",
            "messageTitle": "Style check",
            "messageBody": "",
            "fileTypesAndContributionMap": {
              "functional-code": {
                "insertions": 2,
                "deletions": 13
              }
            }
          }
        ]
      },
      {
        "date": "2020-10-16",
        "commitResults": [
          {
            "hash": "52052d964e641b18ddced9c3d611b3a3636cb342",
            "messageTitle": "Junit added",
            "messageBody": "",
            "fileTypesAndContributionMap": {
              "test-code": {
                "insertions": 147,
                "deletions": 0
              }
            }
          },
          {
            "hash": "1b2f04a9d205e79c7bca94e04c7e208775c5e285",
            "messageTitle": "Junit added",
            "messageBody": "",
            "fileTypesAndContributionMap": {
              "test-code": {
                "insertions": 5,
                "deletions": 5
              }
            }
          },
          {
            "hash": "5923d66520855b0ac54b147b09cdd9bb009689ef",
            "messageTitle": "Junit added",
            "messageBody": "",
            "fileTypesAndContributionMap": {
              "test-code": {
                "insertions": 0,
                "deletions": 5
              }
            }
          }
        ]
      },
      {
        "date": "2020-10-25",
        "commitResults": [
          {
            "hash": "13c19d845f15850ef179f194c3117a39336fa5f0",
            "messageTitle": "Update function added",
            "messageBody": "",
            "fileTypesAndContributionMap": {
              "functional-code": {
                "insertions": 165,
                "deletions": 22
              },
              "test-code": {
                "insertions": 7,
                "deletions": 5
              }
            }
          }
        ]
      },
      {
        "date": "2020-10-27",
        "commitResults": [
          {
            "hash": "3509c90e04f37a4f5bd5209b61905e8422334ca7",
            "messageTitle": "Update view transaction to view with time period",
            "messageBody": "",
            "fileTypesAndContributionMap": {
              "functional-code": {
                "insertions": 92,
                "deletions": 34
              },
              "test-code": {
                "insertions": 2,
                "deletions": 2
              }
            }
          }
        ]
      },
      {
        "date": "2020-10-29",
        "commitResults": [
          {
            "hash": "13d52e483c3f92ae847349f65425656b3a507ead",
            "messageTitle": "Update view transaction to view with time period",
            "messageBody": "",
            "fileTypesAndContributionMap": {
              "functional-code": {
                "insertions": 16,
                "deletions": 5
              }
            }
          },
          {
            "hash": "5710f5317014e961ba1a92834ecbf067f7b5959c",
            "messageTitle": "Code cleaning",
            "messageBody": "",
            "fileTypesAndContributionMap": {
              "functional-code": {
                "insertions": 4,
                "deletions": 6
              }
            }
          },
          {
            "hash": "e728fe770266770b2c5d64a710ecea7d1097be03",
            "messageTitle": "Add test cases, add assert and update user guide",
            "messageBody": "",
            "fileTypesAndContributionMap": {
              "functional-code": {
                "insertions": 7,
                "deletions": 5
              },
              "docs": {
                "insertions": 4,
                "deletions": 3
              },
              "test-code": {
                "insertions": 63,
                "deletions": 0
              }
            }
          },
          {
            "hash": "9b44f77dbfb9cac595098fc6f5d719fad17eec6c",
            "messageTitle": "Add test cases, add assert and update user guide",
            "messageBody": "",
            "fileTypesAndContributionMap": {
              "functional-code": {
                "insertions": 4,
                "deletions": 4
              }
            }
          }
        ]
      },
      {
        "date": "2020-11-01",
        "commitResults": [
          {
            "hash": "023c1f91d71e63fd70e980ed04d0711309a29818",
            "messageTitle": "Update documentation and update PPP",
            "messageBody": "",
            "fileTypesAndContributionMap": {
              "docs": {
                "insertions": 48,
                "deletions": 2
              }
            }
          }
        ]
      },
      {
        "date": "2020-11-05",
        "commitResults": [
          {
            "hash": "1d5391da16954ad5ae48974d9947e45f5693cace",
            "messageTitle": "Update PPP",
            "messageBody": "",
            "fileTypesAndContributionMap": {
              "docs": {
                "insertions": 30,
                "deletions": 0
              }
            }
          }
        ]
      }
    ],
    "adi-kd0021": [
      {
        "date": "2020-09-22",
        "commitResults": [
          {
            "hash": "3c7679eb437300b1e31b662cc34958defba7ecb8",
            "messageTitle": "v0.1 Baseline",
            "messageBody": "",
            "fileTypesAndContributionMap": {
              "functional-code": {
                "insertions": 99,
                "deletions": 0
              },
              "other": {
                "insertions": 3,
                "deletions": 2
              }
            }
          }
        ]
      },
      {
        "date": "2020-10-08",
        "commitResults": [
          {
            "hash": "621aea9b896fe129baa56681a5e4bb085cd2c20b",
            "messageTitle": "v1.0 Skeleton",
            "messageBody": "",
            "fileTypesAndContributionMap": {
              "functional-code": {
                "insertions": 136,
                "deletions": 1
              },
              "other": {
                "insertions": 11,
                "deletions": 7
              }
            }
          },
          {
            "hash": "f8ef2cdddae9e460a05ff6bbd0a246f401047169",
            "messageTitle": "v1.0 Skeleton *Fix Checkstyle",
            "messageBody": "",
            "fileTypesAndContributionMap": {
              "functional-code": {
                "insertions": 5,
                "deletions": 13
              }
            }
          },
          {
            "hash": "7c9648247bb736ed6b68466f73bd2f67a1f2a889",
            "messageTitle": "v1.0 Skeleton *Fix Checkstyle Again",
            "messageBody": "",
            "fileTypesAndContributionMap": {
              "functional-code": {
                "insertions": 15,
                "deletions": 15
              }
            }
          },
          {
            "hash": "2bfa4c08d015da6685fa7811629a1375255ff9b2",
            "messageTitle": "v1.0 Skeleton *Fix Checkstyle Again AGAIN",
            "messageBody": "",
            "fileTypesAndContributionMap": {
              "functional-code": {
                "insertions": 4,
                "deletions": 1
              }
            }
          },
          {
            "hash": "c94dcbfba20e6f8d89f2739a6dc777fc37116eb2",
            "messageTitle": "v1.0 Skeleton *Fix Checkstyle Again AGAIN AGIANIGNAIN",
            "messageBody": "",
            "fileTypesAndContributionMap": {
              "functional-code": {
                "insertions": 1,
                "deletions": 11
              },
              "other": {
                "insertions": 9,
                "deletions": 1
              }
            }
          }
        ]
      },
      {
        "date": "2020-10-14",
        "commitResults": [
          {
            "hash": "2aa637f51e1a1f14db081ed8d92f6e425d9eddef",
            "messageTitle": "branch-Ui Fixed Addcommand and Parser",
            "messageBody": "",
            "fileTypesAndContributionMap": {
              "functional-code": {
                "insertions": 251,
                "deletions": 84
              }
            }
          },
          {
            "hash": "2eb44d0042c5ec24d7ef8c10f45c68f5615285eb",
            "messageTitle": "Fixed ExitCommand",
            "messageBody": "",
            "fileTypesAndContributionMap": {
              "functional-code": {
                "insertions": 5,
                "deletions": 9
              },
              "other": {
                "insertions": 1,
                "deletions": 2
              }
            }
          },
          {
            "hash": "2f3f3ebbbe785b4ac42f0ec84f956a9078919c7f",
            "messageTitle": "Fixed CheckStyle",
            "messageBody": "",
            "fileTypesAndContributionMap": {
              "functional-code": {
                "insertions": 10,
                "deletions": 4
              }
            }
          }
        ]
      },
      {
        "date": "2020-10-15",
        "commitResults": [
          {
            "hash": "c20c6577f16ede2a3932d11cf43467cec4a6d16e",
            "messageTitle": "Update TransactionList.java",
            "messageBody": "Resolving compile errors",
            "fileTypesAndContributionMap": {
              "functional-code": {
                "insertions": 4,
                "deletions": 4
              }
            }
          },
          {
            "hash": "d4a98f65f0402f182f3bf02d7139478d94a0a236",
            "messageTitle": "Update TransactionList.java",
            "messageBody": "Resolving compile issues, removed variable in constructor.",
            "fileTypesAndContributionMap": {
              "functional-code": {
                "insertions": 1,
                "deletions": 1
              }
            }
          },
          {
            "hash": "f123ab2832192fc628c3a1f03cb0bb1d8511b85e",
            "messageTitle": "Update ViewCommand.java",
            "messageBody": "Resolved Checkstyle error ViewCommand.java:16:26: WhitespaceAround: \u0027\u003c\u0027 is not preceded with whitespace. [WhitespaceAround]",
            "fileTypesAndContributionMap": {
              "functional-code": {
                "insertions": 1,
                "deletions": 1
              }
            }
          },
          {
            "hash": "440965b49f22b937311779276ee39f6c51ea4dfc",
            "messageTitle": "Update TransactionList.java",
            "messageBody": "Resolved checkstyle errors\r\nTransactionList.java:20: \u0027method def\u0027 child has incorrect indentation level 10, expected level should be 8. [Indentation]\r\nTransactionList.java:24: \u0027method def\u0027 child has incorrect indentation level 10, expected level should be 8. [Indentation]",
            "fileTypesAndContributionMap": {
              "functional-code": {
                "insertions": 2,
                "deletions": 2
              }
            }
          }
        ]
      },
      {
        "date": "2020-10-16",
        "commitResults": [
          {
            "hash": "0a520c85e92a3470407ee2a30b31a773ea909171",
            "messageTitle": "Added SearchCommand Function Fixed alot of Help messages",
            "messageBody": "",
            "fileTypesAndContributionMap": {
              "functional-code": {
                "insertions": 97,
                "deletions": 15
              }
            }
          }
        ]
      },
      {
        "date": "2020-10-27",
        "commitResults": [
          {
            "hash": "7cdbd4368c58ddd7aa3d6939c5309e34a764d87b",
            "messageTitle": "Added Category feature Adjusted Storage / UpdateCommand to support Expense Categories",
            "messageBody": "",
            "fileTypesAndContributionMap": {
              "functional-code": {
                "insertions": 80,
                "deletions": 50
              }
            }
          },
          {
            "hash": "2695d09dd2bfa763c7f07bce24110c16ef582a3a",
            "messageTitle": "Added Category feature Adjusted Storage / UpdateCommand to support Expense Categories Adjusted a bunch of other stuffs",
            "messageBody": "",
            "fileTypesAndContributionMap": {
              "functional-code": {
                "insertions": 55,
                "deletions": 35
              }
            }
          },
          {
            "hash": "f573866e87dd21f8c4f79c3ae56d48fa22f42081",
            "messageTitle": "Fixed CheckStyle and tp.test",
            "messageBody": "",
            "fileTypesAndContributionMap": {
              "functional-code": {
                "insertions": 11,
                "deletions": 8
              },
              "test-code": {
                "insertions": 16,
                "deletions": 7
              }
            }
          }
        ]
      },
      {
        "date": "2020-10-28",
        "commitResults": [
          {
            "hash": "407424fbbb126bca55eb38a61f446ef5a8f12aee",
            "messageTitle": "Added view category filter",
            "messageBody": "",
            "fileTypesAndContributionMap": {
              "functional-code": {
                "insertions": 76,
                "deletions": 44
              }
            }
          },
          {
            "hash": "2441dd3b63ba4be2566a7bc5cfe56c446ab2a301",
            "messageTitle": "Fixed CheckStyle",
            "messageBody": "",
            "fileTypesAndContributionMap": {
              "functional-code": {
                "insertions": 34,
                "deletions": 35
              }
            }
          },
          {
            "hash": "4348f845d5e9605f5d182d3093803d5d07b90a0e",
            "messageTitle": "Update Parser.java",
            "messageBody": "Shortened line 45 to fit max 120 chars length.",
            "fileTypesAndContributionMap": {
              "functional-code": {
                "insertions": 2,
                "deletions": 1
              }
            }
          }
        ]
      },
      {
        "date": "2020-10-29",
        "commitResults": [
          {
            "hash": "4fd9524cc000bebc54e4ca70d38998d405cdf56f",
            "messageTitle": "Fixed UpdateCommand to also update category",
            "messageBody": "",
            "fileTypesAndContributionMap": {
              "functional-code": {
                "insertions": 9,
                "deletions": 4
              }
            }
          },
          {
            "hash": "7e0321e8476bc760cd99c6c74962b04ee53cd7e6",
            "messageTitle": "Fixed Checkstyle",
            "messageBody": "",
            "fileTypesAndContributionMap": {
              "functional-code": {
                "insertions": 5,
                "deletions": 5
              }
            }
          },
          {
            "hash": "a7978ee0c3011060c95b6d9bf5787510033d211a",
            "messageTitle": "Added assert for get transaction by category",
            "messageBody": "",
            "fileTypesAndContributionMap": {
              "functional-code": {
                "insertions": 4,
                "deletions": 8
              }
            }
          },
          {
            "hash": "b05a521e09e21ae2dd7bb8847d8c3cfbb227a869",
            "messageTitle": "Added 1 daily reminder to add expense",
            "messageBody": "",
            "fileTypesAndContributionMap": {
              "functional-code": {
                "insertions": 5,
                "deletions": 1
              }
            }
          },
          {
            "hash": "4e3b6d657005ae495e8017ef72ff51ce8ad2e727",
            "messageTitle": "Changed UG, edited view command examples and format",
            "messageBody": "",
            "fileTypesAndContributionMap": {
              "docs": {
                "insertions": 26,
                "deletions": 2
              }
            }
          },
          {
            "hash": "0466ad747f215dd341bc0d857088f820428c5c6c",
            "messageTitle": "Fixed CheckStyle",
            "messageBody": "",
            "fileTypesAndContributionMap": {
              "functional-code": {
                "insertions": 1,
                "deletions": 1
              }
            }
          },
          {
            "hash": "b96051fe238d57e0a6546deda131b6edd4678a77",
            "messageTitle": "Added Junit test UpdateCommandTest",
            "messageBody": "",
            "fileTypesAndContributionMap": {
              "functional-code": {
                "insertions": 1,
                "deletions": 1
              },
              "test-code": {
                "insertions": 28,
                "deletions": 0
              }
            }
          },
          {
            "hash": "68d9ad1d676b7c984f8100f91c7e97a6d365a931",
            "messageTitle": "Fixed CheckStyle",
            "messageBody": "",
            "fileTypesAndContributionMap": {
              "test-code": {
                "insertions": 1,
                "deletions": 1
              }
            }
          },
          {
            "hash": "53e45e87173f03d866cd25c5eeeb2d7c1c988f4e",
            "messageTitle": "Fixed Version Number to 2.0",
            "messageBody": "",
            "fileTypesAndContributionMap": {
              "functional-code": {
                "insertions": 1,
                "deletions": 1
              }
            }
          }
        ]
      },
      {
        "date": "2020-10-30",
        "commitResults": [
          {
            "hash": "ea507780a90c6d300b23a980576fa2846f3f8074",
            "messageTitle": "Fixed smiley",
            "messageBody": "",
            "fileTypesAndContributionMap": {
              "functional-code": {
                "insertions": 1,
                "deletions": 1
              }
            }
          }
        ]
      },
      {
        "date": "2020-10-31",
        "commitResults": [
          {
            "hash": "55ba1838adf57c2398587e530878fb0f8221e597",
            "messageTitle": "Adi-PPP Draft",
            "messageBody": "",
            "fileTypesAndContributionMap": {
              "docs": {
                "insertions": 44,
                "deletions": 0
              }
            }
          },
          {
            "hash": "5a82e85fe24ee23fa276d72302849ea8be6d60ef",
            "messageTitle": "Adi-PPP Draft v0.2",
            "messageBody": "",
            "fileTypesAndContributionMap": {
              "docs": {
                "insertions": 20,
                "deletions": 13
              }
            }
          },
          {
            "hash": "7a7435ff997b08b905dabdc1727ec0f16f9094b0",
            "messageTitle": "Adi-PPP Draft v0.2",
            "messageBody": "",
            "fileTypesAndContributionMap": {
              "docs": {
                "insertions": 5,
                "deletions": 5
              }
            }
          },
          {
            "hash": "963dd74e8f991ebcd5897f725071d8ec2184931c",
            "messageTitle": "Fixed? AboutUs.md",
            "messageBody": "",
            "fileTypesAndContributionMap": {
              "docs": {
                "insertions": 4,
                "deletions": 4
              }
            }
          }
        ]
      },
      {
        "date": "2020-11-01",
        "commitResults": [
          {
            "hash": "e01b6bb75ddcc4bf8591893f6d08da015dd29996",
            "messageTitle": "Added Component diagram to DG",
            "messageBody": "",
            "fileTypesAndContributionMap": {
              "docs": {
                "insertions": 8,
                "deletions": 3
              }
            }
          },
          {
            "hash": "6c748d1c51d734e87fc2493cd78a10f24818eb96",
            "messageTitle": "Added Component diagram to DG Added plantUML Architecture.puml to DG",
            "messageBody": "",
            "fileTypesAndContributionMap": {
              "docs": {
                "insertions": 5,
                "deletions": 2
              }
            }
          },
          {
            "hash": "6aa5b656d4e66eb1303c16779df41c4b0b85aef2",
            "messageTitle": "Fixed grammar and DG markdowns",
            "messageBody": "",
            "fileTypesAndContributionMap": {
              "docs": {
                "insertions": 21,
                "deletions": 22
              }
            }
          }
        ]
      },
      {
        "date": "2020-11-05",
        "commitResults": [
          {
            "hash": "9876197ab0f35257c9eefcc157e44db8db97d0b7",
            "messageTitle": "Added SearchSequenceDiagram.png",
            "messageBody": "",
            "fileTypesAndContributionMap": {
              "docs": {
                "insertions": 4,
                "deletions": 1
              }
            }
          }
        ]
      },
      {
        "date": "2020-11-10",
        "commitResults": [
          {
            "hash": "be1ad93911341eac457e35d15718398c991dff49",
            "messageTitle": "commit to pull",
            "messageBody": "",
            "fileTypesAndContributionMap": {
              "other": {
                "insertions": 0,
                "deletions": 0
              }
            }
          },
          {
            "hash": "539932509d6b8355a9d84fc62c7bc645f5355808",
            "messageTitle": "commit to pull",
            "messageBody": "",
            "fileTypesAndContributionMap": {
              "other": {
                "insertions": 7,
                "deletions": 0
              }
            }
          },
          {
            "hash": "43ee6df104ac4652cd0af8728eaaa1cece54f5c9",
            "messageTitle": "Adjusted PPP for DG contributions Added Use Case Diagram Added Object Diagram",
            "messageBody": "",
            "fileTypesAndContributionMap": {
              "docs": {
                "insertions": 131,
                "deletions": 22
              }
            }
          },
          {
            "hash": "7bb32656ea0b10fcbbf1bc46e6efec523730830a",
            "messageTitle": "Adjusted DG stuffs / Grammar Added Diagram explanations Added glossary things / links",
            "messageBody": "",
            "fileTypesAndContributionMap": {
              "docs": {
                "insertions": 63,
                "deletions": 29
              }
            }
          }
        ]
      }
    ],
    "e0261618": [
      {
        "date": "2020-09-22",
        "commitResults": [
          {
            "hash": "aa5252ed308038e279ebd650bdeba737766f73e9",
            "messageTitle": "testing",
            "messageBody": "",
            "fileTypesAndContributionMap": {
              "functional-code": {
                "insertions": 1,
                "deletions": 0
              }
            }
          }
        ]
      },
      {
        "date": "2020-10-13",
        "commitResults": [
          {
            "hash": "0034555ec32cb221e830aa036b1119574751064c",
            "messageTitle": "Delete function Added",
            "messageBody": "",
            "fileTypesAndContributionMap": {
              "functional-code": {
                "insertions": 38,
                "deletions": 1
              }
            }
          }
        ]
      },
      {
        "date": "2020-10-16",
        "commitResults": [
          {
            "hash": "a155d97251741f6a6d5bcf3feb07970b202837bf",
            "messageTitle": "Amended User Guide",
            "messageBody": "",
            "fileTypesAndContributionMap": {
              "docs": {
                "insertions": 63,
                "deletions": 53
              }
            }
          }
        ]
      },
      {
        "date": "2020-10-27",
        "commitResults": [
          {
            "hash": "b533e2c138bc2c5f4a7acdd8f03d8e3e09e03410",
            "messageTitle": "Added report generation function",
            "messageBody": "",
            "fileTypesAndContributionMap": {
              "functional-code": {
                "insertions": 231,
                "deletions": 3
              },
              "other": {
                "insertions": 3,
                "deletions": 0
              }
            }
          }
        ]
      },
      {
        "date": "2020-10-29",
        "commitResults": [
          {
            "hash": "a144fc3e0b7c682ad19e970e35d2f1658a90373b",
            "messageTitle": "Updated description",
            "messageBody": "",
            "fileTypesAndContributionMap": {
              "functional-code": {
                "insertions": 6,
                "deletions": 4
              }
            }
          },
          {
            "hash": "ad8073e08427fa5f5660e44ff233913af54dd1f2",
            "messageTitle": "Updated UserGuide_v2",
            "messageBody": "",
            "fileTypesAndContributionMap": {
              "docs": {
                "insertions": 122,
                "deletions": 59
              }
            }
          },
          {
            "hash": "70109657a39204632f3ebfb59039ba64137bd2d1",
            "messageTitle": "Added assertion",
            "messageBody": "",
            "fileTypesAndContributionMap": {
              "functional-code": {
                "insertions": 1,
                "deletions": 0
              }
            }
          }
        ]
      },
      {
        "date": "2020-10-30",
        "commitResults": [
          {
            "hash": "ad4b838dc6a434fb719d6d614e5fd86648216a4f",
            "messageTitle": "Initial Creation for Developer Guide",
            "messageBody": "",
            "fileTypesAndContributionMap": {
              "docs": {
                "insertions": 21,
                "deletions": 5
              }
            }
          }
        ]
      },
      {
        "date": "2020-10-31",
        "commitResults": [
          {
            "hash": "b79dc44fb1f5ceeb86a5a70f602f2f66cb9dd2a6",
            "messageTitle": "Updated PPP draft",
            "messageBody": "",
            "fileTypesAndContributionMap": {
              "docs": {
                "insertions": 41,
                "deletions": 1
              }
            }
          }
        ]
      },
      {
        "date": "2020-11-08",
        "commitResults": [
          {
            "hash": "c27dba09d652dad2a7b87050dfdf567e3b7d8b37",
            "messageTitle": "Amended DG, Updated images, updated ppp",
            "messageBody": "",
            "fileTypesAndContributionMap": {
              "other": {
                "insertions": 3,
                "deletions": 0
              },
              "docs": {
                "insertions": 98,
                "deletions": 44
              }
            }
          }
        ]
      }
    ]
  },
  "authorFileTypeContributionMap": {
    "Chilaiping": {
      "docs": 67,
      "functional-code": 649,
      "test-code": 115
    },
    "skyventus": {
      "docs": 67,
      "functional-code": 325,
      "test-code": 247,
      "other": 1
    },
    "timmyly7": {
      "docs": 47,
      "functional-code": 404,
      "test-code": 206
    },
    "adi-kd0021": {
      "docs": 266,
      "functional-code": 644,
      "test-code": 18,
      "other": 8
    },
    "e0261618": {
      "docs": 134,
      "functional-code": 248,
      "test-code": 0,
      "other": 6
    }
  },
  "authorContributionVariance": {
    "Chilaiping": 3768.5376,
    "skyventus": 1094.7349,
    "timmyly7": 2201.9102,
    "adi-kd0021": 4121.331,
    "e0261618": 1396.8636
  },
  "authorDisplayNameMap": {
    "Chilaiping": "TIC4001-4 CHI ..PING",
    "skyventus": "TIC4001-4 OLIV..N DA",
    "timmyly7": "TIC4001-4 LI Y..I YI",
    "adi-kd0021": "TIC4001-4 ADI ..KARI",
    "e0261618": "TIC4001-4 HNGO.. WEN"
  }
}
